{"type": "FeatureCollection", "features": [{"type": "Feature", "properties": {"day": "wed", "from": "A", "to": "H", "km": 21.8, "min": 28}, "geometry": {"coordinates": [[-75.428368, 6.171318], [-75.428367, 6.17132], [-75.42836, 6.171376], [-75.428364, 6.171427], [-75.428384, 6.171476], [-75.428406, 6.171523], [-75.428436, 6.171565], [-75.428467, 6.171598], [-75.428529, 6.171637], [-75.428592, 6.171659], [-75.428656, 6.171666], [-75.428721, 6.171659], [-75.428781, 6.171638], [-75.428824, 6.171612], [-75.428831, 6.171604], [-75.428828, 6.171594], [-75.42879, 6.171536], [-75.428768, 6.171504], [-75.42878, 6.171492], [-75.429079, 6.171491], [-75.429247, 6.171491], [-75.429418, 6.171493], [-75.42946, 6.171491], [-75.430366, 6.171478], [-75.430394, 6.171477], [-75.430406, 6.171478], [-75.430505, 6.171479], [-75.4306, 6.171481], [-75.430968, 6.171485], [-75.431103, 6.171487], [-75.431276, 6.17149], [-75.431448, 6.17149], [-75.431542, 6.171498], [-75.431637, 6.171516], [-75.431706, 6.17155], [-75.431766, 6.171592], [-75.431809, 6.171635], [-75.43186, 6.171695], [-75.431903, 6.17178], [-75.43192, 6.171865], [-75.431929, 6.171959], [-75.431929, 6.172028], [-75.431912, 6.172121], [-75.431877, 6.172198], [-75.431826, 6.172275], [-75.431731, 6.172412], [-75.431641, 6.172552], [-75.43159, 6.172609], [-75.431548, 6.172674], [-75.431516, 6.172743], [-75.431494, 6.172816], [-75.431482, 6.172891], [-75.431481, 6.172968], [-75.43149, 6.173043], [-75.431511, 6.173117], [-75.431541, 6.173187], [-75.43157, 6.173236], [-75.431603, 6.173281], [-75.431656, 6.173337], [-75.431715, 6.173384], [-75.43178, 6.173423], [-75.431851, 6.173452], [-75.431924, 6.173472], [-75.432, 6.173481], [-75.432076, 6.173479], [-75.432151, 6.173467], [-75.432224, 6.173445], [-75.432293, 6.173413], [-75.432357, 6.173372], [-75.432527, 6.173337], [-75.43265, 6.173316], [-75.432749, 6.173318], [-75.43283, 6.173325], [-75.432916, 6.173342], [-75.433002, 6.173367], [-75.433079, 6.173401], [-75.433165, 6.173437], [-75.433266, 6.173501], [-75.4336, 6.173834], [-75.433719, 6.173943], [-75.433822, 6.174049], [-75.435244, 6.175372], [-75.435798, 6.175877], [-75.435875, 6.175949], [-75.436116, 6.176172], [-75.436273, 6.176318], [-75.436428, 6.176462], [-75.437319, 6.177257], [-75.437729, 6.177538], [-75.437837, 6.177592], [-75.437923, 6.17763], [-75.438026, 6.177669], [-75.438319, 6.177773], [-75.438873, 6.178002], [-75.439446, 6.178228], [-75.439629, 6.178297], [-75.440151, 6.178474], [-75.440626, 6.178628], [-75.440771, 6.178675], [-75.441084, 6.178777], [-75.441219, 6.178821], [-75.441268, 6.178836], [-75.44162, 6.178947], [-75.441776, 6.178997], [-75.441842, 6.179014], [-75.441925, 6.179026], [-75.442027, 6.179043], [-75.442126, 6.179054], [-75.442227, 6.179061], [-75.442332, 6.179065], [-75.442433, 6.179061], [-75.442643, 6.179049], [-75.443366, 6.178989], [-75.443447, 6.178979], [-75.443591, 6.178962], [-75.443661, 6.178956], [-75.443762, 6.178942], [-75.443864, 6.178925], [-75.44396, 6.17891], [-75.444065, 6.178888], [-75.444149, 6.178863], [-75.444193, 6.17885], [-75.444249, 6.178831], [-75.444359, 6.178785], [-75.444452, 6.178745], [-75.44455, 6.178697], [-75.444736, 6.178606], [-75.444964, 6.178494], [-75.445294, 6.178325], [-75.446094, 6.177924], [-75.446417, 6.177778], [-75.446634, 6.177714], [-75.446874, 6.17765], [-75.447132, 6.177587], [-75.447359, 6.177528], [-75.447648, 6.177464], [-75.447876, 6.177426], [-75.448099, 6.177403], [-75.448316, 6.177393], [-75.44853, 6.17739], [-75.448728, 6.177396], [-75.449174, 6.17742], [-75.449616, 6.177434], [-75.450473, 6.177461], [-75.450872, 6.177465], [-75.451023, 6.177477], [-75.451107, 6.177483], [-75.451216, 6.177492], [-75.451437, 6.177516], [-75.451588, 6.177542], [-75.451844, 6.177607], [-75.451972, 6.177668], [-75.452065, 6.177728], [-75.452164, 6.177802], [-75.452274, 6.178031], [-75.452385, 6.178238], [-75.452459, 6.178404], [-75.452503, 6.178498], [-75.452612, 6.178774], [-75.45266, 6.17889], [-75.452814, 6.179218], [-75.452944, 6.17943], [-75.453035, 6.179563], [-75.453194, 6.179759], [-75.45324, 6.179804], [-75.453293, 6.179842], [-75.453349, 6.179872], [-75.453408, 6.179896], [-75.453517, 6.179914], [-75.45387, 6.17995], [-75.454746, 6.180161], [-75.456537, 6.180638], [-75.45823, 6.181206], [-75.460281, 6.182177], [-75.460847, 6.182484], [-75.461421, 6.182812], [-75.46199, 6.183132], [-75.462524, 6.183478], [-75.463257, 6.183973], [-75.464069, 6.184609], [-75.491121, 6.207514], [-75.496782, 6.212262], [-75.500988, 6.215694], [-75.503827, 6.218011], [-75.505602, 6.219537], [-75.508748, 6.222204], [-75.509, 6.2224], [-75.509324, 6.222644], [-75.50989, 6.222997], [-75.510244, 6.223202], [-75.510553, 6.223372], [-75.510825, 6.223508], [-75.511266, 6.223708], [-75.5116, 6.223846], [-75.511954, 6.223974], [-75.512242, 6.224064], [-75.512646, 6.224173], [-75.513184, 6.224316], [-75.514303, 6.22464], [-75.514459, 6.224686], [-75.514503, 6.224697], [-75.514616, 6.224719], [-75.514712, 6.224754], [-75.515831, 6.22508], [-75.517211, 6.225467], [-75.518488, 6.225857], [-75.51938, 6.226078], [-75.519766, 6.226109], [-75.520064, 6.226072], [-75.520396, 6.22598], [-75.520726, 6.225833], [-75.521023, 6.225632], [-75.521326, 6.225346], [-75.521976, 6.224536], [-75.522321, 6.224238], [-75.522654, 6.224057], [-75.523028, 6.22393], [-75.523292, 6.223897], [-75.52359, 6.223901], [-75.523918, 6.223944], [-75.524156, 6.224004], [-75.524538, 6.22413], [-75.524864, 6.224213], [-75.525143, 6.2243], [-75.525442, 6.224354], [-75.52573, 6.224357], [-75.52611, 6.224332], [-75.52707, 6.224204], [-75.527542, 6.224148], [-75.527873, 6.224093], [-75.528128, 6.22406], [-75.528688, 6.223988], [-75.529312, 6.223897], [-75.529808, 6.223786], [-75.530251, 6.223642], [-75.531153, 6.223286], [-75.531605, 6.223162], [-75.53191, 6.223124], [-75.532198, 6.223122], [-75.532841, 6.223149], [-75.532899, 6.223148], [-75.533021, 6.223189], [-75.533128, 6.223241], [-75.53326, 6.223277], [-75.533348, 6.22329], [-75.533504, 6.223294], [-75.534197, 6.223309], [-75.534341, 6.223309], [-75.534422, 6.223297], [-75.53455, 6.223266], [-75.534819, 6.223206], [-75.534851, 6.223207], [-75.535351, 6.223212], [-75.536254, 6.22321], [-75.536575, 6.223194], [-75.536842, 6.223157], [-75.537107, 6.223097], [-75.537379, 6.223001], [-75.53807, 6.222713], [-75.538316, 6.222636], [-75.538466, 6.222601], [-75.538662, 6.222567], [-75.538952, 6.222549], [-75.539305, 6.222587], [-75.539667, 6.222663], [-75.540022, 6.222757], [-75.540447, 6.222905], [-75.540725, 6.222984], [-75.541009, 6.223046], [-75.541186, 6.22306], [-75.541331, 6.223053], [-75.541568, 6.223037], [-75.541885, 6.222952], [-75.54239, 6.222787], [-75.542592, 6.222727], [-75.542819, 6.222667], [-75.543102, 6.222623], [-75.543436, 6.222629], [-75.54362, 6.222631], [-75.543785, 6.222656], [-75.544012, 6.222699], [-75.544204, 6.222759], [-75.544351, 6.222824], [-75.544499, 6.222887], [-75.544622, 6.222965], [-75.544744, 6.223034], [-75.547905, 6.225182], [-75.54819, 6.225348], [-75.548544, 6.225472], [-75.548893, 6.22553], [-75.55015, 6.225621], [-75.550343, 6.225642], [-75.550756, 6.225669], [-75.551043, 6.225639], [-75.551267, 6.225605], [-75.551615, 6.22551], [-75.551851, 6.225373], [-75.552077, 6.225219], [-75.556609, 6.220901], [-75.557264, 6.220279], [-75.55748, 6.220121], [-75.557571, 6.220081], [-75.557671, 6.220057], [-75.557802, 6.22005], [-75.557954, 6.220064], [-75.558066, 6.220105], [-75.558194, 6.220169], [-75.558349, 6.220271], [-75.558792, 6.220626], [-75.558825, 6.220659], [-75.558973, 6.220779], [-75.559273, 6.22101], [-75.559358, 6.221056], [-75.559486, 6.221124], [-75.559585, 6.221168], [-75.559689, 6.221199], [-75.559788, 6.22122], [-75.559874, 6.221233], [-75.55995, 6.221237], [-75.560038, 6.221235], [-75.560119, 6.221226], [-75.560193, 6.221217], [-75.560527, 6.221148], [-75.561053, 6.22101], [-75.561157, 6.220979], [-75.56168, 6.220824], [-75.561925, 6.220755], [-75.561979, 6.220736], [-75.562072, 6.220702], [-75.562163, 6.220652], [-75.562299, 6.220539], [-75.562387, 6.220437], [-75.562444, 6.220339], [-75.562484, 6.220229], [-75.562499, 6.220107], [-75.562502, 6.22006], [-75.562496, 6.219962], [-75.562473, 6.219874], [-75.562447, 6.219816], [-75.562426, 6.219763], [-75.562386, 6.219689], [-75.562369, 6.219663], [-75.562293, 6.219572], [-75.562181, 6.219492], [-75.562064, 6.219438], [-75.561925, 6.219406], [-75.561745, 6.219409], [-75.561592, 6.219439], [-75.561463, 6.219497], [-75.561166, 6.219713], [-75.561066, 6.219783], [-75.560889, 6.219881], [-75.560584, 6.220043], [-75.560477, 6.22009], [-75.5604, 6.220111], [-75.560293, 6.220116], [-75.56017, 6.220099], [-75.560116, 6.220084], [-75.560062, 6.220058], [-75.559999, 6.220022], [-75.559947, 6.219977], [-75.559876, 6.219894], [-75.559353, 6.218836], [-75.55924, 6.218608], [-75.559149, 6.218418], [-75.558867, 6.217903], [-75.558577, 6.217209], [-75.558434, 6.216948], [-75.558327, 6.216754], [-75.557715, 6.215721], [-75.557612, 6.215581], [-75.557522, 6.215422], [-75.55748, 6.215316], [-75.557445, 6.21517], [-75.557447, 6.21507], [-75.557482, 6.214918], [-75.557522, 6.214835], [-75.557609, 6.214719], [-75.557705, 6.214646], [-75.55779, 6.21461], [-75.557895, 6.214575], [-75.558014, 6.214575], [-75.558213, 6.214591], [-75.558445, 6.21465], [-75.559063, 6.21479], [-75.559527, 6.214889], [-75.560581, 6.215097], [-75.560854, 6.215151], [-75.56182, 6.215363], [-75.561918, 6.215384], [-75.562392, 6.215494], [-75.562612, 6.215554], [-75.562942, 6.215658], [-75.563194, 6.215753], [-75.5634, 6.215843], [-75.563607, 6.215986], [-75.56405, 6.216394], [-75.564109, 6.216462], [-75.564147, 6.216503], [-75.5642, 6.216578], [-75.564233, 6.216639], [-75.564265, 6.216711], [-75.564289, 6.216779], [-75.564308, 6.216866], [-75.564318, 6.216933], [-75.56432, 6.217], [-75.564319, 6.217067], [-75.564307, 6.217141], [-75.564275, 6.217273], [-75.564217, 6.217558], [-75.564206, 6.217756], [-75.564214, 6.217789], [-75.564227, 6.21781], [-75.56425, 6.217834], [-75.564284, 6.217854], [-75.56432, 6.217858], [-75.564353, 6.217851], [-75.564378, 6.217831], [-75.564389, 6.217799], [-75.564397, 6.217759], [-75.564411, 6.217539], [-75.56441, 6.217409], [-75.564429, 6.217083], [-75.564419, 6.216941], [-75.564405, 6.216839], [-75.564395, 6.216806], [-75.564344, 6.216661], [-75.5643, 6.216581], [-75.564249, 6.216507], [-75.564181, 6.216422], [-75.563916, 6.216159], [-75.563783, 6.216046], [-75.563667, 6.215936], [-75.563594, 6.215799], [-75.563583, 6.215778], [-75.563542, 6.215719], [-75.563491, 6.215649], [-75.563412, 6.2155], [-75.563365, 6.215377], [-75.56334, 6.215302], [-75.56333, 6.215264], [-75.563318, 6.215203], [-75.563337, 6.215169], [-75.563363, 6.21514], [-75.563392, 6.215119], [-75.563424, 6.215103], [-75.563458, 6.215094], [-75.563494, 6.215091], [-75.563529, 6.215095], [-75.563874, 6.215102], [-75.564091, 6.215108], [-75.564145, 6.215096], [-75.564178, 6.215071], [-75.564203, 6.215024], [-75.564276, 6.214831], [-75.564328, 6.214754], [-75.564391, 6.21471], [-75.56442, 6.214698], [-75.564576, 6.214646], [-75.56488, 6.214574], [-75.565121, 6.214544], [-75.565409, 6.214538], [-75.565605, 6.21453], [-75.566065, 6.214515], [-75.566333, 6.214502], [-75.566449, 6.214459], [-75.566558, 6.214383], [-75.566648, 6.214274], [-75.566709, 6.214114], [-75.566776, 6.214085], [-75.566848, 6.214059], [-75.566991, 6.214028], [-75.567128, 6.21407], [-75.567293, 6.214095], [-75.567557, 6.21413], [-75.567825, 6.214216], [-75.56794, 6.214241], [-75.568116, 6.214257], [-75.568251, 6.214268], [-75.568408, 6.21429], [-75.568442, 6.214295], [-75.568622, 6.214352], [-75.568722, 6.214374], [-75.568802, 6.214386], [-75.569027, 6.214398], [-75.569188, 6.214427], [-75.569457, 6.21453], [-75.569712, 6.214611], [-75.56982, 6.214635], [-75.569869, 6.214637], [-75.569911, 6.214638], [-75.570043, 6.214643], [-75.570043, 6.214541], [-75.570042, 6.213866], [-75.570041, 6.213354], [-75.570041, 6.212897], [-75.570041, 6.212837], [-75.570041, 6.212766], [-75.570062, 6.212248], [-75.570086, 6.21203], [-75.570098, 6.211921], [-75.570141, 6.211723], [-75.57016, 6.211654], [-75.570211, 6.211489], [-75.570251, 6.211355], [-75.570304, 6.211367], [-75.570367, 6.211402], [-75.570452, 6.21147], [-75.570521, 6.211539], [-75.570672, 6.211704], [-75.570762, 6.211776], [-75.570847, 6.211816], [-75.570931, 6.211836], [-75.571561, 6.212081], [-75.571617, 6.212103], [-75.571672, 6.212125], [-75.571861, 6.2122], [-75.572056, 6.212276], [-75.572136, 6.212307], [-75.572107, 6.212364], [-75.571934, 6.212703], [-75.571867, 6.212838], [-75.571794, 6.21299], [-75.571582, 6.213561], [-75.571658, 6.213587], [-75.572608, 6.213914]], "type": "LineString"}}, {"type": "Feature", "properties": {"day": "thu", "from": "H", "to": "C13", "km": 9.9, "min": 15}, "geometry": {"coordinates": [[-75.572608, 6.213914], [-75.572703, 6.213947], [-75.572783, 6.213975], [-75.573282, 6.214147], [-75.573468, 6.213585], [-75.573584, 6.213333], [-75.573858, 6.21294], [-75.5739, 6.212881], [-75.574105, 6.212917], [-75.574197, 6.212935], [-75.574534, 6.213011], [-75.574729, 6.213058], [-75.574848, 6.213073], [-75.575113, 6.213085], [-75.575305, 6.21311], [-75.575503, 6.213154], [-75.575813, 6.21323], [-75.576302, 6.213344], [-75.576411, 6.21343], [-75.576553, 6.213532], [-75.576626, 6.213564], [-75.57678, 6.213605], [-75.577154, 6.213693], [-75.577262, 6.213726], [-75.577337, 6.213775], [-75.577399, 6.213846], [-75.57743, 6.213905], [-75.577449, 6.213986], [-75.577458, 6.214065], [-75.577445, 6.214174], [-75.577349, 6.214795], [-75.577337, 6.214916], [-75.577346, 6.215025], [-75.577369, 6.215249], [-75.577111, 6.216982], [-75.57709, 6.217114], [-75.577086, 6.217135], [-75.577062, 6.217282], [-75.576967, 6.217955], [-75.576956, 6.218034], [-75.57687, 6.21865], [-75.576837, 6.218892], [-75.57669, 6.219944], [-75.576623, 6.220426], [-75.576501, 6.221308], [-75.576491, 6.221378], [-75.576262, 6.223024], [-75.576233, 6.223236], [-75.576168, 6.223704], [-75.576143, 6.223894], [-75.576031, 6.224688], [-75.575903, 6.225611], [-75.575876, 6.225806], [-75.575704, 6.227009], [-75.575663, 6.227339], [-75.575271, 6.230156], [-75.575215, 6.230558], [-75.575195, 6.230701], [-75.575177, 6.230826], [-75.575137, 6.231086], [-75.575071, 6.231514], [-75.575038, 6.231786], [-75.574967, 6.231881], [-75.574927, 6.231918], [-75.574866, 6.231937], [-75.574805, 6.231937], [-75.574746, 6.231912], [-75.574727, 6.231892], [-75.574707, 6.231871], [-75.574671, 6.231794], [-75.574659, 6.231737], [-75.574654, 6.231652], [-75.574649, 6.231527], [-75.574659, 6.231449], [-75.574682, 6.231382], [-75.574723, 6.231319], [-75.574782, 6.231261], [-75.574859, 6.231223], [-75.574941, 6.231206], [-75.574998, 6.231197], [-75.576176, 6.231553], [-75.576339, 6.231607], [-75.576492, 6.231671], [-75.576977, 6.231875], [-75.577041, 6.231901], [-75.577139, 6.231932], [-75.57723, 6.231956], [-75.577345, 6.23198], [-75.57744, 6.231992], [-75.577537, 6.231992], [-75.577666, 6.231988], [-75.577781, 6.231985], [-75.577888, 6.231979], [-75.578708, 6.231936], [-75.579685, 6.231902], [-75.579811, 6.231899], [-75.579932, 6.231898], [-75.580026, 6.231902], [-75.580112, 6.231909], [-75.580199, 6.231923], [-75.580278, 6.231942], [-75.580357, 6.23196], [-75.580432, 6.231974], [-75.580509, 6.231983], [-75.58056, 6.231987], [-75.580627, 6.231988], [-75.580771, 6.231988], [-75.582383, 6.23195], [-75.582591, 6.231943], [-75.582626, 6.231942], [-75.582701, 6.231939], [-75.582806, 6.231935], [-75.582855, 6.231933], [-75.582927, 6.231931], [-75.583905, 6.231895], [-75.585232, 6.231854], [-75.585766, 6.231843], [-75.58695, 6.231824], [-75.587186, 6.231821], [-75.587269, 6.23182], [-75.587325, 6.231818], [-75.587384, 6.231817], [-75.588923, 6.231771], [-75.589174, 6.231764], [-75.58942, 6.231757], [-75.589685, 6.231749], [-75.589761, 6.231742], [-75.589826, 6.231733], [-75.589946, 6.231712], [-75.590037, 6.231693], [-75.590125, 6.231677], [-75.590188, 6.231669], [-75.590249, 6.231665], [-75.590826, 6.231647], [-75.591225, 6.231634], [-75.59136, 6.23163], [-75.591459, 6.231627], [-75.591531, 6.231624], [-75.592083, 6.231603], [-75.592667, 6.231582], [-75.592769, 6.231578], [-75.592857, 6.231575], [-75.593683, 6.231544], [-75.594417, 6.231517], [-75.594523, 6.231513], [-75.594562, 6.231512], [-75.595383, 6.231482], [-75.595958, 6.231461], [-75.596114, 6.231455], [-75.596209, 6.231452], [-75.596283, 6.231449], [-75.597074, 6.23142], [-75.597137, 6.231418], [-75.598075, 6.231383], [-75.598142, 6.231381], [-75.598219, 6.231376], [-75.598747, 6.231347], [-75.599212, 6.231321], [-75.600564, 6.231246], [-75.600609, 6.231243], [-75.601471, 6.231201], [-75.601589, 6.231202], [-75.601644, 6.231207], [-75.601701, 6.231215], [-75.601749, 6.231231], [-75.601862, 6.231272], [-75.601922, 6.231328], [-75.601994, 6.231367], [-75.602043, 6.231481], [-75.602072, 6.231557], [-75.602089, 6.231621], [-75.602103, 6.231733], [-75.602105, 6.23179], [-75.602108, 6.231884], [-75.602112, 6.23201], [-75.602115, 6.232096], [-75.602148, 6.233024], [-75.602167, 6.233752], [-75.602169, 6.233828], [-75.602171, 6.233879], [-75.602171, 6.233881], [-75.602171, 6.233911], [-75.602172, 6.234057], [-75.602173, 6.234114], [-75.602173, 6.234175], [-75.602177, 6.23422], [-75.602178, 6.234253], [-75.602213, 6.235332], [-75.60222, 6.235551], [-75.602226, 6.235621], [-75.602235, 6.235685], [-75.602247, 6.235754], [-75.602264, 6.235847], [-75.602287, 6.235925], [-75.602313, 6.235981], [-75.602349, 6.236051], [-75.602396, 6.236134], [-75.602473, 6.236257], [-75.602568, 6.236375], [-75.602679, 6.23653], [-75.602841, 6.236733], [-75.602885, 6.236792], [-75.602929, 6.236867], [-75.602963, 6.236945], [-75.602973, 6.236973], [-75.603002, 6.237049], [-75.603031, 6.237152], [-75.603047, 6.237233], [-75.603058, 6.237366], [-75.603059, 6.237471], [-75.60305, 6.237643], [-75.603034, 6.237842], [-75.603015, 6.23809], [-75.603005, 6.238192], [-75.60299, 6.238273], [-75.602969, 6.238345], [-75.602952, 6.238382], [-75.602943, 6.238396], [-75.602927, 6.23842], [-75.602859, 6.238445], [-75.602798, 6.238486], [-75.60275, 6.238539], [-75.602715, 6.238603], [-75.602696, 6.238672], [-75.602695, 6.238742], [-75.602709, 6.23881], [-75.60274, 6.238876], [-75.602786, 6.238932], [-75.602845, 6.238976], [-75.602865, 6.238985], [-75.602902, 6.239047], [-75.602926, 6.239114], [-75.602946, 6.239173], [-75.602954, 6.239248], [-75.602948, 6.239398], [-75.602908, 6.239998], [-75.60285, 6.240973], [-75.602773, 6.242098], [-75.602742, 6.242558], [-75.602728, 6.242768], [-75.602719, 6.242838], [-75.6027, 6.24292], [-75.60269, 6.242942], [-75.602663, 6.243011], [-75.60262, 6.24304], [-75.602584, 6.243076], [-75.602549, 6.243139], [-75.602533, 6.243209], [-75.602539, 6.24328], [-75.602559, 6.243336], [-75.602593, 6.243385], [-75.602637, 6.243424], [-75.602688, 6.243452], [-75.602745, 6.243466], [-75.602803, 6.243466], [-75.602846, 6.243458], [-75.602914, 6.243425], [-75.602969, 6.243373], [-75.603038, 6.243363], [-75.603087, 6.243362], [-75.603155, 6.243373], [-75.603443, 6.243445], [-75.60384, 6.24354], [-75.604109, 6.243604], [-75.604715, 6.243747], [-75.60536, 6.243912], [-75.605975, 6.244067], [-75.606604, 6.244202], [-75.606731, 6.244199], [-75.606807, 6.244196], [-75.606869, 6.244219], [-75.606985, 6.244255], [-75.607355, 6.244311], [-75.607446, 6.244317], [-75.607572, 6.244323], [-75.607815, 6.244269], [-75.608, 6.244219], [-75.608409, 6.244076], [-75.608678, 6.243982], [-75.608892, 6.243907], [-75.609197, 6.243805], [-75.609673, 6.243724], [-75.609735, 6.243717], [-75.609812, 6.243705], [-75.609893, 6.243718], [-75.609926, 6.243723], [-75.610376, 6.24379], [-75.610657, 6.243827], [-75.610924, 6.243865], [-75.611236, 6.24392], [-75.611484, 6.243964], [-75.611745, 6.244009], [-75.611981, 6.244051], [-75.612342, 6.244103], [-75.612517, 6.244141], [-75.612616, 6.244178], [-75.612715, 6.244221], [-75.612865, 6.244289], [-75.612977, 6.244355], [-75.613087, 6.244455], [-75.613191, 6.24457], [-75.613329, 6.24472], [-75.613354, 6.244749], [-75.613372, 6.244765], [-75.613385, 6.244805], [-75.613398, 6.244844], [-75.61349, 6.244948], [-75.613554, 6.245021], [-75.613629, 6.245107], [-75.613711, 6.245144], [-75.613757, 6.245194], [-75.613838, 6.245281], [-75.614321, 6.245791], [-75.614773, 6.246282], [-75.614953, 6.246499], [-75.615201, 6.246793], [-75.615573, 6.247239], [-75.615679, 6.24713], [-75.615922, 6.246896], [-75.616049, 6.246769], [-75.616177, 6.246629], [-75.616341, 6.246409], [-75.616563, 6.24612], [-75.616707, 6.245941], [-75.616785, 6.245837], [-75.61693, 6.24563], [-75.616998, 6.245543], [-75.617103, 6.245415], [-75.61721, 6.245302], [-75.617294, 6.245233], [-75.617547, 6.24504], [-75.617824, 6.244882], [-75.618154, 6.244748], [-75.618433, 6.244687], [-75.618642, 6.244644], [-75.618794, 6.244636], [-75.618921, 6.244643], [-75.619028, 6.244664], [-75.619418, 6.244785], [-75.619667, 6.244873], [-75.620064, 6.245027], [-75.620477, 6.245221], [-75.620676, 6.245325], [-75.620794, 6.245405], [-75.620868, 6.245467], [-75.621135, 6.245733], [-75.62127, 6.245868], [-75.621398, 6.245985], [-75.621474, 6.2461], [-75.621395, 6.246252], [-75.621335, 6.24638], [-75.621286, 6.24643], [-75.621238, 6.246468], [-75.621175, 6.246488], [-75.621114, 6.246499], [-75.620946, 6.246535], [-75.621203, 6.246796], [-75.62126, 6.246845], [-75.621615, 6.247154], [-75.621727, 6.247211], [-75.621913, 6.247313], [-75.621842, 6.24735], [-75.621658, 6.24751], [-75.621638, 6.247526], [-75.621616, 6.247545], [-75.621474, 6.24767], [-75.621401, 6.247737], [-75.621354, 6.247784], [-75.621312, 6.247834]], "type": "LineString"}}, {"type": "Feature", "properties": {"day": "thu", "from": "C13", "to": "MUS", "km": 7.5, "min": 13}, "geometry": {"coordinates": [[-75.621312, 6.247834], [-75.621354, 6.247784], [-75.621401, 6.247737], [-75.621474, 6.24767], [-75.621616, 6.247545], [-75.621638, 6.247526], [-75.621658, 6.24751], [-75.621842, 6.24735], [-75.621913, 6.247313], [-75.621727, 6.247211], [-75.621615, 6.247154], [-75.62126, 6.246845], [-75.621203, 6.246796], [-75.620946, 6.246535], [-75.621114, 6.246499], [-75.621175, 6.246488], [-75.621238, 6.246468], [-75.621286, 6.24643], [-75.621335, 6.24638], [-75.621395, 6.246252], [-75.621474, 6.2461], [-75.621398, 6.245985], [-75.62127, 6.245868], [-75.621135, 6.245733], [-75.620868, 6.245467], [-75.620794, 6.245405], [-75.620676, 6.245325], [-75.620477, 6.245221], [-75.620064, 6.245027], [-75.619667, 6.244873], [-75.619418, 6.244785], [-75.619028, 6.244664], [-75.618921, 6.244643], [-75.618794, 6.244636], [-75.618642, 6.244644], [-75.618433, 6.244687], [-75.618154, 6.244748], [-75.617824, 6.244882], [-75.617547, 6.24504], [-75.617294, 6.245233], [-75.61721, 6.245302], [-75.617103, 6.245415], [-75.616998, 6.245543], [-75.61693, 6.24563], [-75.616785, 6.245837], [-75.616707, 6.245941], [-75.616563, 6.24612], [-75.616341, 6.246409], [-75.616177, 6.246629], [-75.616049, 6.246769], [-75.615922, 6.246896], [-75.615679, 6.24713], [-75.615573, 6.247239], [-75.615396, 6.247403], [-75.615215, 6.247567], [-75.614996, 6.247776], [-75.614785, 6.247951], [-75.614566, 6.248152], [-75.614395, 6.248306], [-75.614177, 6.248495], [-75.614031, 6.248627], [-75.613842, 6.248788], [-75.613677, 6.248944], [-75.613475, 6.249105], [-75.613194, 6.24938], [-75.612898, 6.249654], [-75.612358, 6.250083], [-75.612264, 6.250166], [-75.612154, 6.250261], [-75.611669, 6.250704], [-75.611446, 6.250913], [-75.611207, 6.251138], [-75.61103, 6.251306], [-75.610903, 6.251425], [-75.610736, 6.251575], [-75.610587, 6.251704], [-75.610479, 6.251798], [-75.610229, 6.252042], [-75.610064, 6.252203], [-75.60986, 6.252403], [-75.609664, 6.252612], [-75.609601, 6.252701], [-75.609538, 6.252803], [-75.609498, 6.252865], [-75.609288, 6.253294], [-75.609272, 6.253326], [-75.609221, 6.253298], [-75.608679, 6.252995], [-75.608652, 6.25298], [-75.608372, 6.252805], [-75.608073, 6.252601], [-75.607783, 6.252387], [-75.607692, 6.252326], [-75.607627, 6.252275], [-75.607573, 6.252234], [-75.60723, 6.251918], [-75.606882, 6.251621], [-75.606581, 6.2514], [-75.606251, 6.251209], [-75.605953, 6.251065], [-75.605672, 6.250952], [-75.605441, 6.250874], [-75.605207, 6.250808], [-75.604935, 6.250747], [-75.604659, 6.250702], [-75.604546, 6.250688], [-75.604439, 6.250674], [-75.604352, 6.250666], [-75.604226, 6.25069], [-75.603315, 6.250659], [-75.60288, 6.250624], [-75.602382, 6.250592], [-75.601663, 6.250556], [-75.601158, 6.250509], [-75.600967, 6.250476], [-75.600829, 6.250444], [-75.60048, 6.250307], [-75.600109, 6.250162], [-75.599644, 6.250036], [-75.599559, 6.250029], [-75.599433, 6.250023], [-75.599268, 6.250021], [-75.599071, 6.25003], [-75.59889, 6.250036], [-75.598591, 6.250052], [-75.598279, 6.250062], [-75.597669, 6.250062], [-75.597606, 6.250062], [-75.597076, 6.250065], [-75.59695, 6.250064], [-75.596906, 6.250063], [-75.596785, 6.250061], [-75.596745, 6.250061], [-75.596425, 6.250053], [-75.596174, 6.250032], [-75.595879, 6.249998], [-75.595546, 6.249958], [-75.595379, 6.249939], [-75.595276, 6.24993], [-75.595234, 6.249924], [-75.594872, 6.249875], [-75.594673, 6.249846], [-75.594597, 6.249835], [-75.594437, 6.249815], [-75.594164, 6.249785], [-75.594062, 6.249773], [-75.59357, 6.249715], [-75.593483, 6.249705], [-75.593415, 6.249702], [-75.592385, 6.249594], [-75.592278, 6.249583], [-75.592232, 6.249577], [-75.591608, 6.249504], [-75.591275, 6.249466], [-75.590778, 6.249403], [-75.590574, 6.249376], [-75.590196, 6.249326], [-75.590124, 6.249319], [-75.590062, 6.249313], [-75.58998, 6.249304], [-75.589896, 6.249296], [-75.589312, 6.249236], [-75.588908, 6.249194], [-75.588795, 6.249182], [-75.588787, 6.249182], [-75.588715, 6.249173], [-75.587584, 6.249027], [-75.587451, 6.249011], [-75.586902, 6.248959], [-75.586777, 6.24894], [-75.586677, 6.248932], [-75.586454, 6.248903], [-75.586238, 6.248875], [-75.585891, 6.248828], [-75.585358, 6.248762], [-75.58424, 6.24863], [-75.583407, 6.248525], [-75.583291, 6.24851], [-75.583165, 6.248496], [-75.58252, 6.248422], [-75.582166, 6.248381], [-75.58156, 6.248294], [-75.581435, 6.248271], [-75.581325, 6.248245], [-75.581239, 6.248221], [-75.581135, 6.248186], [-75.580915, 6.248109], [-75.580504, 6.247964], [-75.579433, 6.247587], [-75.579282, 6.247536], [-75.577946, 6.247085], [-75.577189, 6.246728], [-75.576932, 6.24664], [-75.576832, 6.246606], [-75.576611, 6.24653], [-75.576264, 6.246411], [-75.576023, 6.246328], [-75.57596, 6.246302], [-75.575903, 6.246271], [-75.575844, 6.24623], [-75.575734, 6.24615], [-75.5756, 6.245958], [-75.575563, 6.245904], [-75.575526, 6.245863], [-75.575454, 6.245805], [-75.575406, 6.245777], [-75.575334, 6.245747], [-75.57524, 6.245737], [-75.575155, 6.245745], [-75.575107, 6.24576], [-75.575037, 6.245795], [-75.574929, 6.245871], [-75.574806, 6.245964], [-75.574761, 6.246008], [-75.574721, 6.246084], [-75.57471, 6.246129], [-75.5747, 6.246196], [-75.574703, 6.246252], [-75.57471, 6.24629], [-75.574725, 6.246346], [-75.574748, 6.246395], [-75.574771, 6.246439], [-75.574859, 6.246565], [-75.57495, 6.246695], [-75.574999, 6.246776], [-75.57503, 6.246838], [-75.575049, 6.246904], [-75.575053, 6.246976], [-75.575051, 6.247053], [-75.575034, 6.247556], [-75.57501, 6.248289], [-75.575006, 6.248428], [-75.574995, 6.248759], [-75.574984, 6.249111], [-75.574979, 6.249263], [-75.574952, 6.249732], [-75.574946, 6.249848], [-75.574945, 6.250095], [-75.574944, 6.25023], [-75.57494, 6.250524], [-75.574886, 6.250727], [-75.574873, 6.25077], [-75.574848, 6.250813], [-75.574818, 6.250849], [-75.574781, 6.250875], [-75.57474, 6.250892], [-75.57438, 6.250991], [-75.57434, 6.250995], [-75.574295, 6.251], [-75.574246, 6.250999], [-75.574142, 6.25098], [-75.573791, 6.250853], [-75.573592, 6.250781], [-75.573192, 6.250623], [-75.572715, 6.250434], [-75.572626, 6.250399], [-75.572574, 6.250367], [-75.572499, 6.250325], [-75.571887, 6.250088], [-75.571849, 6.250073], [-75.571817, 6.25006], [-75.570852, 6.249683], [-75.570808, 6.249666], [-75.570795, 6.249695], [-75.570395, 6.250593], [-75.57038, 6.250625], [-75.570347, 6.250709], [-75.570102, 6.25124], [-75.570062, 6.251321], [-75.570025, 6.251387], [-75.56974, 6.252036], [-75.569701, 6.252119], [-75.569669, 6.252203], [-75.569539, 6.252471], [-75.569495, 6.252564]], "type": "LineString"}}, {"type": "Feature", "properties": {"day": "thu", "from": "MUS", "to": "H", "km": 6.8, "min": 9}, "geometry": {"coordinates": [[-75.569495, 6.252564], [-75.569495, 6.252564], [-75.569459, 6.252651], [-75.569442, 6.252707], [-75.569433, 6.252741], [-75.569423, 6.252808], [-75.569422, 6.252864], [-75.569419, 6.252898], [-75.56942, 6.252973], [-75.569421, 6.253025], [-75.569501, 6.253043], [-75.569671, 6.253087], [-75.569766, 6.253121], [-75.569887, 6.253177], [-75.570181, 6.253312], [-75.570316, 6.253371], [-75.570335, 6.253326], [-75.570356, 6.253275], [-75.570381, 6.253223], [-75.570427, 6.25313], [-75.570634, 6.252615], [-75.570664, 6.252541], [-75.570678, 6.252498], [-75.570744, 6.252329], [-75.571009, 6.251786], [-75.571276, 6.251227], [-75.571318, 6.251139], [-75.571337, 6.251109], [-75.571834, 6.250102], [-75.571849, 6.250073], [-75.57186, 6.250048], [-75.572191, 6.249291], [-75.572214, 6.249237], [-75.572621, 6.248306], [-75.572634, 6.248276], [-75.572935, 6.247509], [-75.573157, 6.246953], [-75.573181, 6.246886], [-75.573205, 6.246829], [-75.573437, 6.246263], [-75.573556, 6.245976], [-75.573587, 6.245897], [-75.574465, 6.246198], [-75.574515, 6.246219], [-75.574556, 6.246239], [-75.574625, 6.246279], [-75.574725, 6.246346], [-75.574748, 6.246395], [-75.574771, 6.246439], [-75.574859, 6.246565], [-75.57495, 6.246695], [-75.574995, 6.246737], [-75.575041, 6.246768], [-75.57511, 6.246795], [-75.575177, 6.246808], [-75.575239, 6.24681], [-75.575327, 6.246801], [-75.575389, 6.246777], [-75.575452, 6.246744], [-75.57561, 6.246649], [-75.575672, 6.246601], [-75.575717, 6.246556], [-75.575748, 6.246509], [-75.575774, 6.246445], [-75.575788, 6.246371], [-75.575784, 6.246293], [-75.575765, 6.24622], [-75.575734, 6.24615], [-75.5756, 6.245958], [-75.575563, 6.245904], [-75.575526, 6.245863], [-75.575476, 6.245765], [-75.575444, 6.245689], [-75.575426, 6.245617], [-75.575418, 6.245528], [-75.57542, 6.245446], [-75.575427, 6.245128], [-75.575459, 6.244074], [-75.575494, 6.243089], [-75.575496, 6.243033], [-75.575439, 6.242549], [-75.575434, 6.242476], [-75.575428, 6.242374], [-75.575414, 6.241915], [-75.575415, 6.241728], [-75.575423, 6.241535], [-75.575437, 6.241263], [-75.575471, 6.240635], [-75.57549, 6.240314], [-75.575505, 6.240173], [-75.575523, 6.240027], [-75.575558, 6.239766], [-75.575605, 6.239479], [-75.575669, 6.239189], [-75.575713, 6.238988], [-75.575751, 6.238837], [-75.575792, 6.238696], [-75.576062, 6.237796], [-75.576103, 6.237674], [-75.576164, 6.237539], [-75.576233, 6.237409], [-75.576317, 6.23727], [-75.576829, 6.23647], [-75.57692, 6.236313], [-75.576959, 6.236235], [-75.577027, 6.236175], [-75.577084, 6.236137], [-75.577151, 6.236114], [-75.577215, 6.23611], [-75.577291, 6.236124], [-75.577373, 6.236165], [-75.577446, 6.236222], [-75.577519, 6.236303], [-75.577565, 6.236404], [-75.577584, 6.236484], [-75.577592, 6.236573], [-75.577588, 6.236655], [-75.577564, 6.236724], [-75.577525, 6.236795], [-75.577444, 6.236892], [-75.577339, 6.237], [-75.577265, 6.237055], [-75.577202, 6.237079], [-75.577145, 6.237085], [-75.577088, 6.237078], [-75.577029, 6.237047], [-75.576986, 6.237013], [-75.576946, 6.236975], [-75.576908, 6.236934], [-75.576644, 6.236274], [-75.576503, 6.235779], [-75.576329, 6.235283], [-75.576248, 6.235057], [-75.576243, 6.235042], [-75.576216, 6.234964], [-75.576186, 6.234876], [-75.576093, 6.234486], [-75.576058, 6.234222], [-75.576042, 6.233994], [-75.57593, 6.232585], [-75.575913, 6.232229], [-75.575937, 6.232147], [-75.575951, 6.231595], [-75.575967, 6.231323], [-75.576045, 6.230581], [-75.576064, 6.230475], [-75.576168, 6.229818], [-75.576194, 6.229646], [-75.576496, 6.227225], [-75.576558, 6.226847], [-75.576697, 6.225978], [-75.576783, 6.225362], [-75.576957, 6.224054], [-75.577489, 6.220329], [-75.577831, 6.217934], [-75.578, 6.216766], [-75.578111, 6.216017], [-75.578234, 6.215192], [-75.578381, 6.214015], [-75.578485, 6.213354], [-75.578529, 6.213245], [-75.578578, 6.213159], [-75.578656, 6.213091], [-75.578752, 6.213048], [-75.578857, 6.213031], [-75.578989, 6.213031], [-75.579114, 6.213052], [-75.579229, 6.213093], [-75.579319, 6.21316], [-75.579378, 6.213256], [-75.579395, 6.21338], [-75.579371, 6.213488], [-75.579317, 6.213578], [-75.579218, 6.213657], [-75.579103, 6.213712], [-75.579001, 6.213733], [-75.57898, 6.213738], [-75.578799, 6.213747], [-75.578785, 6.213745], [-75.577514, 6.213509], [-75.576678, 6.213342], [-75.576374, 6.213279], [-75.576224, 6.213244], [-75.575824, 6.213147], [-75.575639, 6.213099], [-75.575564, 6.213076], [-75.575498, 6.213048], [-75.575408, 6.213008], [-75.575287, 6.212936], [-75.575096, 6.212814], [-75.574755, 6.212579], [-75.574714, 6.212531], [-75.574692, 6.212505], [-75.574653, 6.21246], [-75.574636, 6.21244], [-75.574561, 6.212386], [-75.574325, 6.212218], [-75.574234, 6.212156], [-75.573927, 6.21195], [-75.57329, 6.211676], [-75.572858, 6.211516], [-75.572499, 6.211376], [-75.572485, 6.21141], [-75.572158, 6.212251], [-75.572136, 6.212307], [-75.572107, 6.212364], [-75.571934, 6.212703], [-75.571867, 6.212838], [-75.571794, 6.21299], [-75.571582, 6.213561], [-75.571658, 6.213587], [-75.572608, 6.213914]], "type": "LineString"}}, {"type": "Feature", "properties": {"day": "fri", "from": "H", "to": "PEN", "km": 66.6, "min": 109}, "geometry": {"coordinates": [[-75.572608, 6.213914], [-75.572703, 6.213947], [-75.572494, 6.214499], [-75.572035, 6.214346], [-75.571372, 6.214126], [-75.571238, 6.214509], [-75.571202, 6.214605], [-75.57113, 6.21477], [-75.570903, 6.214799], [-75.570852, 6.214812], [-75.570847, 6.214786], [-75.570759, 6.214428], [-75.570741, 6.214333], [-75.570648, 6.213909], [-75.570603, 6.213678], [-75.570596, 6.213444], [-75.570606, 6.213224], [-75.570636, 6.212966], [-75.570367, 6.212908], [-75.570199, 6.212871], [-75.570084, 6.212847], [-75.570041, 6.212837], [-75.56994, 6.212813], [-75.569898, 6.212805], [-75.569855, 6.212794], [-75.569783, 6.212776], [-75.569684, 6.212676], [-75.569476, 6.212488], [-75.569271, 6.21225], [-75.569151, 6.212145], [-75.569033, 6.212091], [-75.568582, 6.211999], [-75.568464, 6.211974], [-75.568291, 6.211957], [-75.568142, 6.211963], [-75.568063, 6.211971], [-75.56794, 6.211985], [-75.567716, 6.212002], [-75.567622, 6.21199], [-75.56754, 6.211972], [-75.567457, 6.211936], [-75.56723, 6.211783], [-75.567158, 6.211772], [-75.567067, 6.211783], [-75.566655, 6.211879], [-75.566328, 6.211956], [-75.565386, 6.212294], [-75.565278, 6.212304], [-75.565134, 6.212293], [-75.565039, 6.21229], [-75.564943, 6.212298], [-75.564851, 6.212314], [-75.564706, 6.212372], [-75.564575, 6.212434], [-75.564521, 6.21246], [-75.56426, 6.212537], [-75.564263, 6.212582], [-75.564274, 6.212738], [-75.564255, 6.212885], [-75.564074, 6.213487], [-75.564031, 6.213556], [-75.563915, 6.213705], [-75.56387, 6.213757], [-75.563819, 6.21381], [-75.563761, 6.213856], [-75.563681, 6.213921], [-75.563654, 6.213944], [-75.563598, 6.213992], [-75.563538, 6.214037], [-75.563479, 6.214074], [-75.563413, 6.21411], [-75.563354, 6.214142], [-75.563295, 6.214176], [-75.563238, 6.214216], [-75.563184, 6.214268], [-75.563134, 6.214327], [-75.563091, 6.214378], [-75.563053, 6.214444], [-75.563022, 6.214505], [-75.562989, 6.214571], [-75.562964, 6.214638], [-75.562919, 6.214733], [-75.562897, 6.214849], [-75.562785, 6.21519], [-75.562759, 6.215247], [-75.562724, 6.215289], [-75.562689, 6.215326], [-75.562651, 6.215357], [-75.562603, 6.215383], [-75.562508, 6.215415], [-75.562425, 6.215428], [-75.56134, 6.215172], [-75.560985, 6.215092], [-75.560838, 6.215064], [-75.560566, 6.215005], [-75.560157, 6.214921], [-75.559609, 6.214818], [-75.558626, 6.214611], [-75.5585, 6.214582], [-75.558458, 6.214574], [-75.558163, 6.214502], [-75.558021, 6.214489], [-75.557907, 6.214487], [-75.557803, 6.214509], [-75.557701, 6.214545], [-75.557604, 6.214601], [-75.55756, 6.214642], [-75.557431, 6.214789], [-75.557381, 6.214937], [-75.55737, 6.215235], [-75.557392, 6.215325], [-75.557446, 6.215459], [-75.557542, 6.215636], [-75.557721, 6.215927], [-75.557879, 6.216184], [-75.558094, 6.216527], [-75.558275, 6.216826], [-75.558469, 6.217254], [-75.558718, 6.217788], [-75.55891, 6.218218], [-75.559593, 6.219566], [-75.559645, 6.219667], [-75.559663, 6.219706], [-75.55971, 6.219781], [-75.559761, 6.219888], [-75.55981, 6.219956], [-75.559895, 6.22005], [-75.559988, 6.220125], [-75.560087, 6.22017], [-75.560223, 6.220212], [-75.560319, 6.22022], [-75.56043, 6.220207], [-75.560521, 6.220183], [-75.560633, 6.220135], [-75.56088, 6.22001], [-75.56117, 6.219848], [-75.561478, 6.219634], [-75.561584, 6.21958], [-75.561678, 6.219544], [-75.561774, 6.219525], [-75.561847, 6.21952], [-75.561929, 6.21953], [-75.562016, 6.219551], [-75.562116, 6.219597], [-75.562201, 6.219658], [-75.562256, 6.219713], [-75.562299, 6.219774], [-75.562327, 6.219827], [-75.562363, 6.219925], [-75.56238, 6.22004], [-75.562377, 6.22014], [-75.562339, 6.220258], [-75.562278, 6.220355], [-75.562216, 6.220431], [-75.562145, 6.220509], [-75.562056, 6.220589], [-75.561943, 6.220653], [-75.561699, 6.220728], [-75.56097, 6.220941], [-75.560472, 6.221078], [-75.560245, 6.221124], [-75.560055, 6.221144], [-75.559993, 6.22115], [-75.55988, 6.221142], [-75.559751, 6.221115], [-75.559604, 6.221067], [-75.559478, 6.221002], [-75.559345, 6.220927], [-75.559195, 6.220842], [-75.55879, 6.220527], [-75.558359, 6.220189], [-75.558112, 6.220051], [-75.557989, 6.220011], [-75.557875, 6.219996], [-75.557764, 6.219989], [-75.557638, 6.22], [-75.557546, 6.220032], [-75.557442, 6.220085], [-75.557337, 6.220171], [-75.557264, 6.220279], [-75.556609, 6.220901], [-75.552077, 6.225219], [-75.551851, 6.225373], [-75.551615, 6.22551], [-75.551267, 6.225605], [-75.551043, 6.225639], [-75.550756, 6.225669], [-75.550343, 6.225642], [-75.55015, 6.225621], [-75.548893, 6.22553], [-75.548544, 6.225472], [-75.54819, 6.225348], [-75.547905, 6.225182], [-75.544744, 6.223034], [-75.544622, 6.222965], [-75.544499, 6.222887], [-75.544351, 6.222824], [-75.544204, 6.222759], [-75.544012, 6.222699], [-75.543785, 6.222656], [-75.54362, 6.222631], [-75.543436, 6.222629], [-75.543102, 6.222623], [-75.542819, 6.222667], [-75.542592, 6.222727], [-75.54239, 6.222787], [-75.541885, 6.222952], [-75.541568, 6.223037], [-75.541331, 6.223053], [-75.541186, 6.22306], [-75.541009, 6.223046], [-75.540725, 6.222984], [-75.540447, 6.222905], [-75.540022, 6.222757], [-75.539667, 6.222663], [-75.539305, 6.222587], [-75.538952, 6.222549], [-75.538662, 6.222567], [-75.538466, 6.222601], [-75.538316, 6.222636], [-75.53807, 6.222713], [-75.537379, 6.223001], [-75.537107, 6.223097], [-75.536842, 6.223157], [-75.536575, 6.223194], [-75.536254, 6.22321], [-75.535351, 6.223212], [-75.534851, 6.223207], [-75.534819, 6.223206], [-75.534545, 6.223138], [-75.534448, 6.223127], [-75.534213, 6.223103], [-75.533861, 6.223084], [-75.533529, 6.223073], [-75.533286, 6.223109], [-75.533195, 6.223111], [-75.533054, 6.223122], [-75.532899, 6.223148], [-75.532841, 6.223149], [-75.532198, 6.223122], [-75.53191, 6.223124], [-75.531605, 6.223162], [-75.531153, 6.223286], [-75.530251, 6.223642], [-75.529808, 6.223786], [-75.529312, 6.223897], [-75.528688, 6.223988], [-75.528128, 6.22406], [-75.527873, 6.224093], [-75.527542, 6.224148], [-75.52707, 6.224204], [-75.52611, 6.224332], [-75.52573, 6.224357], [-75.525442, 6.224354], [-75.525143, 6.2243], [-75.524864, 6.224213], [-75.524538, 6.22413], [-75.524156, 6.224004], [-75.523918, 6.223944], [-75.52359, 6.223901], [-75.523292, 6.223897], [-75.523028, 6.22393], [-75.522654, 6.224057], [-75.522321, 6.224238], [-75.521976, 6.224536], [-75.521326, 6.225346], [-75.521023, 6.225632], [-75.520726, 6.225833], [-75.520396, 6.22598], [-75.520064, 6.226072], [-75.519766, 6.226109], [-75.51938, 6.226078], [-75.518488, 6.225857], [-75.517211, 6.225467], [-75.515831, 6.22508], [-75.514712, 6.224754], [-75.514616, 6.224719], [-75.514503, 6.224697], [-75.514459, 6.224686], [-75.514303, 6.22464], [-75.513184, 6.224316], [-75.512646, 6.224173], [-75.512242, 6.224064], [-75.511954, 6.223974], [-75.5116, 6.223846], [-75.511266, 6.223708], [-75.510825, 6.223508], [-75.510553, 6.223372], [-75.510244, 6.223202], [-75.50989, 6.222997], [-75.509324, 6.222644], [-75.509, 6.2224], [-75.508748, 6.222204], [-75.505602, 6.219537], [-75.503827, 6.218011], [-75.500988, 6.215694], [-75.496782, 6.212262], [-75.491121, 6.207514], [-75.464069, 6.184609], [-75.463257, 6.183973], [-75.462524, 6.183478], [-75.46199, 6.183132], [-75.461421, 6.182812], [-75.460847, 6.182484], [-75.460281, 6.182177], [-75.45823, 6.181206], [-75.456537, 6.180638], [-75.454746, 6.180161], [-75.45387, 6.17995], [-75.453487, 6.179774], [-75.453422, 6.179739], [-75.453317, 6.179669], [-75.453161, 6.179508], [-75.453092, 6.179424], [-75.452986, 6.17925], [-75.452859, 6.178962], [-75.452753, 6.178722], [-75.452646, 6.178425], [-75.452602, 6.178318], [-75.452533, 6.178197], [-75.452467, 6.178082], [-75.452358, 6.177949], [-75.452274, 6.177876], [-75.452164, 6.177802], [-75.452065, 6.177728], [-75.451972, 6.177668], [-75.451844, 6.177607], [-75.451588, 6.177542], [-75.451437, 6.177516], [-75.451216, 6.177492], [-75.451107, 6.177483], [-75.451023, 6.177477], [-75.450872, 6.177465], [-75.450473, 6.177461], [-75.449616, 6.177434], [-75.449174, 6.17742], [-75.448728, 6.177396], [-75.44853, 6.17739], [-75.448316, 6.177393], [-75.448099, 6.177403], [-75.447876, 6.177426], [-75.447648, 6.177464], [-75.447359, 6.177528], [-75.447132, 6.177587], [-75.446874, 6.17765], [-75.446634, 6.177714], [-75.446417, 6.177778], [-75.446096, 6.17787], [-75.445784, 6.177979], [-75.445409, 6.178155], [-75.445189, 6.178265], [-75.444879, 6.178425], [-75.444795, 6.178468], [-75.444702, 6.178516], [-75.444608, 6.178562], [-75.444321, 6.178701], [-75.444288, 6.178713], [-75.44422, 6.178738], [-75.444117, 6.178773], [-75.444022, 6.178799], [-75.443929, 6.178817], [-75.443815, 6.178833], [-75.443714, 6.178845], [-75.443611, 6.178855], [-75.443492, 6.178867], [-75.4429, 6.178927], [-75.442846, 6.178932], [-75.442462, 6.178965], [-75.442347, 6.178965], [-75.442252, 6.178964], [-75.442147, 6.178953], [-75.442045, 6.178944], [-75.441951, 6.178924], [-75.441866, 6.178906], [-75.441754, 6.178878], [-75.441688, 6.178859], [-75.441645, 6.178847], [-75.441569, 6.178822], [-75.441426, 6.178776], [-75.441285, 6.178731], [-75.44122, 6.17871], [-75.441145, 6.178685], [-75.440832, 6.178581], [-75.440623, 6.178511], [-75.440167, 6.17836], [-75.440131, 6.178347], [-75.439967, 6.17829], [-75.439865, 6.178255], [-75.439658, 6.178183], [-75.43928, 6.178028], [-75.439037, 6.177936], [-75.438813, 6.177851], [-75.43849, 6.177736], [-75.438173, 6.177619], [-75.438096, 6.177587], [-75.438039, 6.177564], [-75.437932, 6.17752], [-75.437791, 6.177453], [-75.437674, 6.177382], [-75.437545, 6.177304], [-75.437504, 6.177244], [-75.43743, 6.177176], [-75.437413, 6.177159], [-75.437384, 6.17713], [-75.437335, 6.177081], [-75.437276, 6.177013], [-75.437253, 6.176986], [-75.4372, 6.17692], [-75.437183, 6.176895], [-75.437135, 6.176827], [-75.437069, 6.176723], [-75.437012, 6.176623], [-75.436912, 6.176386], [-75.436901, 6.176359], [-75.436868, 6.176276], [-75.436803, 6.17606], [-75.436733, 6.175822], [-75.436661, 6.175585], [-75.436621, 6.175443], [-75.436609, 6.175383], [-75.436603, 6.175284], [-75.436606, 6.175147], [-75.436609, 6.175081], [-75.436613, 6.175024], [-75.436625, 6.174907], [-75.436632, 6.174834], [-75.436637, 6.174768], [-75.436659, 6.17442], [-75.436732, 6.17386], [-75.436751, 6.173606], [-75.436778, 6.173252], [-75.436783, 6.173188], [-75.436799, 6.172836], [-75.436791, 6.172505], [-75.436772, 6.172398], [-75.436737, 6.172205], [-75.436693, 6.17203], [-75.436646, 6.171918], [-75.436572, 6.171786], [-75.436461, 6.171578], [-75.436349, 6.171393], [-75.436262, 6.171221], [-75.436215, 6.171114], [-75.436175, 6.170998], [-75.436106, 6.170849], [-75.435974, 6.170222], [-75.435806, 6.169393], [-75.435794, 6.169268], [-75.435779, 6.169036], [-75.435769, 6.168732], [-75.435786, 6.168366], [-75.435865, 6.167321], [-75.435939, 6.166252], [-75.435999, 6.16558], [-75.436036, 6.164856], [-75.43605, 6.164605], [-75.436068, 6.164254], [-75.436107, 6.163684], [-75.436142, 6.163141], [-75.43616, 6.162583], [-75.436057, 6.161437], [-75.435944, 6.160408], [-75.435892, 6.159988], [-75.435848, 6.159593], [-75.43584, 6.159188], [-75.435875, 6.158437], [-75.435929, 6.157883], [-75.436029, 6.156864], [-75.436071, 6.156379], [-75.436099, 6.156041], [-75.436121, 6.155697], [-75.436127, 6.155596], [-75.43612, 6.155374], [-75.436174, 6.154961], [-75.43621, 6.154594], [-75.436286, 6.154057], [-75.436305, 6.153541], [-75.436308, 6.153281], [-75.436295, 6.15313], [-75.436261, 6.152925], [-75.43623, 6.152771], [-75.436188, 6.15259], [-75.436144, 6.15245], [-75.436057, 6.152221], [-75.435963, 6.152023], [-75.435367, 6.150945], [-75.435283, 6.150822], [-75.435201, 6.150725], [-75.434997, 6.150382], [-75.434799, 6.150043], [-75.434689, 6.14986], [-75.434583, 6.149676], [-75.434493, 6.149463], [-75.434441, 6.149338], [-75.434402, 6.149217], [-75.434375, 6.149099], [-75.434348, 6.148964], [-75.434326, 6.148812], [-75.434313, 6.14857], [-75.434286, 6.147819], [-75.434254, 6.146999], [-75.434206, 6.146366], [-75.434134, 6.145704], [-75.434078, 6.145077], [-75.434037, 6.144646], [-75.434006, 6.144372], [-75.433972, 6.144112], [-75.43392, 6.143915], [-75.433898, 6.143841], [-75.433871, 6.143715], [-75.433798, 6.143518], [-75.433749, 6.143392], [-75.43368, 6.143261], [-75.433642, 6.143088], [-75.433583, 6.142922], [-75.433504, 6.142763], [-75.433406, 6.142616], [-75.433387, 6.142543], [-75.433348, 6.142479], [-75.433302, 6.142436], [-75.433284, 6.142423], [-75.433253, 6.142406], [-75.433157, 6.142383], [-75.433059, 6.142396], [-75.432973, 6.142444], [-75.432911, 6.14252], [-75.432882, 6.142602], [-75.4328, 6.142761], [-75.432702, 6.142899], [-75.432581, 6.143016], [-75.432548, 6.143042], [-75.432351, 6.143187], [-75.432288, 6.143241], [-75.432106, 6.143387], [-75.431715, 6.143714], [-75.431371, 6.143981], [-75.430952, 6.1443], [-75.430764, 6.144426], [-75.43057, 6.144544], [-75.430387, 6.144656], [-75.430204, 6.144762], [-75.430036, 6.144858], [-75.429863, 6.144939], [-75.429674, 6.145019], [-75.429447, 6.145096], [-75.429197, 6.145179], [-75.428586, 6.14538], [-75.427046, 6.145925], [-75.426096, 6.146248], [-75.425551, 6.146429], [-75.424527, 6.14678], [-75.423472, 6.147138], [-75.421227, 6.147926], [-75.421211, 6.147931], [-75.420766, 6.148086], [-75.420604, 6.148142], [-75.420432, 6.148203], [-75.420293, 6.14826], [-75.420118, 6.148342], [-75.419989, 6.148414], [-75.419852, 6.148491], [-75.418951, 6.149115], [-75.41855, 6.149393], [-75.418152, 6.149694], [-75.417935, 6.149858], [-75.417769, 6.149983], [-75.417492, 6.150179], [-75.417091, 6.150431], [-75.416721, 6.150655], [-75.416331, 6.150855], [-75.416238, 6.150898], [-75.415822, 6.151091], [-75.415523, 6.151236], [-75.415245, 6.151373], [-75.415109, 6.151439], [-75.41498, 6.151503], [-75.414435, 6.151786], [-75.413922, 6.152039], [-75.413206, 6.152393], [-75.412704, 6.15265], [-75.412577, 6.152709], [-75.412462, 6.152753], [-75.412293, 6.152789], [-75.412128, 6.152811], [-75.411919, 6.152819], [-75.4117, 6.152807], [-75.411531, 6.152783], [-75.411348, 6.152738], [-75.411228, 6.152694], [-75.411111, 6.152651], [-75.410935, 6.152584], [-75.410886, 6.152566], [-75.410721, 6.152509], [-75.410612, 6.152482], [-75.410526, 6.152467], [-75.410341, 6.152457], [-75.410164, 6.152455], [-75.410026, 6.152458], [-75.409879, 6.152474], [-75.409671, 6.152514], [-75.409177, 6.15271], [-75.408952, 6.152804], [-75.408748, 6.15289], [-75.40853, 6.152985], [-75.408319, 6.153077], [-75.408162, 6.153138], [-75.408043, 6.15318], [-75.407968, 6.153193], [-75.407874, 6.153202], [-75.407722, 6.153167], [-75.407416, 6.153075], [-75.407136, 6.15299], [-75.406946, 6.152969], [-75.406754, 6.152957], [-75.406389, 6.152935], [-75.406339, 6.152934], [-75.405997, 6.152911], [-75.405612, 6.152892], [-75.40506, 6.152853], [-75.404652, 6.152825], [-75.404576, 6.152821], [-75.403981, 6.152779], [-75.403387, 6.152729], [-75.403112, 6.152692], [-75.40207, 6.152495], [-75.401846, 6.152435], [-75.401557, 6.152396], [-75.401421, 6.152385], [-75.401339, 6.152368], [-75.401186, 6.15233], [-75.400827, 6.152272], [-75.400647, 6.152234], [-75.400539, 6.152206], [-75.400201, 6.152083], [-75.400109, 6.152055], [-75.399878, 6.151991], [-75.399536, 6.151901], [-75.399372, 6.15187], [-75.399128, 6.15185], [-75.398915, 6.151857], [-75.398656, 6.151875], [-75.398521, 6.151871], [-75.397703, 6.151725], [-75.397485, 6.151683], [-75.397436, 6.151674], [-75.396537, 6.151527], [-75.39646, 6.151509], [-75.396381, 6.151485], [-75.396261, 6.151454], [-75.396105, 6.15139], [-75.39588, 6.151276], [-75.395765, 6.151217], [-75.395491, 6.151076], [-75.395403, 6.151031], [-75.395261, 6.150958], [-75.395015, 6.150833], [-75.394685, 6.150695], [-75.394653, 6.150689], [-75.394481, 6.150661], [-75.394003, 6.150633], [-75.393911, 6.15063], [-75.393559, 6.150615], [-75.393403, 6.150621], [-75.393289, 6.150631], [-75.393131, 6.150654], [-75.392959, 6.150692], [-75.392668, 6.150743], [-75.392297, 6.150793], [-75.392107, 6.150818], [-75.39199, 6.150821], [-75.391969, 6.150822], [-75.391783, 6.150815], [-75.391642, 6.150793], [-75.391528, 6.150779], [-75.391416, 6.150769], [-75.391319, 6.15076], [-75.391271, 6.150759], [-75.391101, 6.150744], [-75.390955, 6.150741], [-75.390637, 6.150736], [-75.390348, 6.150735], [-75.390262, 6.150736], [-75.390196, 6.150724], [-75.390142, 6.150704], [-75.390089, 6.15068], [-75.39003, 6.150653], [-75.390002, 6.150611], [-75.389952, 6.150565], [-75.389903, 6.150543], [-75.389859, 6.150535], [-75.389822, 6.150535], [-75.389757, 6.150554], [-75.389681, 6.150589], [-75.389635, 6.150623], [-75.389607, 6.150647], [-75.389581, 6.150678], [-75.389507, 6.150721], [-75.38946, 6.150739], [-75.389403, 6.150748], [-75.389298, 6.15075], [-75.388733, 6.15075], [-75.388159, 6.150776], [-75.387922, 6.150805], [-75.387042, 6.150923], [-75.385882, 6.151074], [-75.385302, 6.151138], [-75.385249, 6.151136], [-75.385219, 6.151128], [-75.385197, 6.151111], [-75.385175, 6.151084], [-75.385153, 6.151047], [-75.385148, 6.150865], [-75.385156, 6.150739], [-75.385168, 6.15059], [-75.385196, 6.150417], [-75.385372, 6.149769], [-75.385379, 6.149683], [-75.385372, 6.149603], [-75.385329, 6.149498], [-75.385199, 6.14926], [-75.38514, 6.149148], [-75.38508, 6.149061], [-75.384997, 6.148967], [-75.384871, 6.148884], [-75.384183, 6.148563], [-75.383649, 6.148358], [-75.383488, 6.148297], [-75.383295, 6.148222], [-75.383259, 6.148208], [-75.382995, 6.148107], [-75.382919, 6.148074], [-75.382537, 6.147909], [-75.382466, 6.147888], [-75.382308, 6.147842], [-75.381847, 6.147785], [-75.381407, 6.14777], [-75.381209, 6.147754], [-75.381056, 6.147725], [-75.380891, 6.147678], [-75.380745, 6.147627], [-75.380482, 6.147546], [-75.380271, 6.147492], [-75.38015, 6.147465], [-75.380028, 6.147451], [-75.379867, 6.147438], [-75.379772, 6.147423], [-75.379613, 6.147394], [-75.379531, 6.147371], [-75.379458, 6.14734], [-75.379359, 6.147283], [-75.379333, 6.147228], [-75.379295, 6.147181], [-75.379228, 6.147132], [-75.379149, 6.147104], [-75.379065, 6.147102], [-75.379023, 6.147112], [-75.378985, 6.147125], [-75.378915, 6.147171], [-75.378859, 6.14724], [-75.378829, 6.147324], [-75.378827, 6.147413], [-75.378854, 6.147498], [-75.378907, 6.14757], [-75.378979, 6.147621], [-75.37902, 6.147688], [-75.379047, 6.147757], [-75.379061, 6.147834], [-75.379061, 6.147911], [-75.379024, 6.148379], [-75.379, 6.148603], [-75.378866, 6.148854], [-75.378854, 6.148878], [-75.378837, 6.148904], [-75.378824, 6.148921], [-75.378809, 6.148935], [-75.378793, 6.148948], [-75.378766, 6.148962], [-75.378709, 6.148976], [-75.378656, 6.148974], [-75.378523, 6.148971], [-75.377941, 6.148947], [-75.377425, 6.148927], [-75.377296, 6.148922], [-75.377172, 6.148917], [-75.376548, 6.148893], [-75.37626, 6.148859], [-75.375901, 6.148767], [-75.375649, 6.1487], [-75.375382, 6.148624], [-75.375075, 6.148549], [-75.374728, 6.148486], [-75.374466, 6.148529], [-75.374297, 6.148599], [-75.372933, 6.149372], [-75.372571, 6.149577], [-75.372502, 6.149616], [-75.372424, 6.149659], [-75.372359, 6.149695], [-75.372123, 6.149838], [-75.371923, 6.149997], [-75.371565, 6.150318], [-75.371244, 6.150622], [-75.370981, 6.150881], [-75.370857, 6.15103], [-75.37076, 6.151183], [-75.3707, 6.151315], [-75.370654, 6.151465], [-75.37061, 6.151642], [-75.370544, 6.151802], [-75.370424, 6.152011], [-75.370344, 6.152087], [-75.370287, 6.152184], [-75.370261, 6.152293], [-75.370267, 6.152405], [-75.370305, 6.152511], [-75.370371, 6.152602], [-75.37045, 6.152664], [-75.370542, 6.152705], [-75.370642, 6.15272], [-75.370742, 6.152711], [-75.370721, 6.152791], [-75.370781, 6.153344], [-75.370729, 6.154303], [-75.370677, 6.154849], [-75.370644, 6.15523], [-75.370636, 6.155297], [-75.370587, 6.15576], [-75.370518, 6.156176], [-75.37046, 6.15636], [-75.370365, 6.156588], [-75.370291, 6.1567], [-75.370244, 6.156756], [-75.369969, 6.157148], [-75.369892, 6.157264], [-75.369606, 6.157737], [-75.36944, 6.158105], [-75.369443, 6.158208], [-75.369438, 6.15826], [-75.369415, 6.158329], [-75.369355, 6.158457], [-75.369294, 6.158566], [-75.369315, 6.158656], [-75.369659, 6.15883], [-75.369574, 6.159168], [-75.369562, 6.159211], [-75.369501, 6.159428], [-75.369415, 6.15975], [-75.369321, 6.159997], [-75.369277, 6.160071], [-75.369162, 6.160146], [-75.369091, 6.160177], [-75.369005, 6.160194], [-75.368931, 6.160204], [-75.368894, 6.160187], [-75.368854, 6.16018], [-75.368814, 6.160181], [-75.368774, 6.160193], [-75.368739, 6.160213], [-75.368655, 6.160219], [-75.36858, 6.16022], [-75.368476, 6.16021], [-75.368405, 6.160177], [-75.368131, 6.160052], [-75.367794, 6.159884], [-75.367704, 6.159838], [-75.367405, 6.159694], [-75.36727, 6.159647], [-75.367075, 6.159604], [-75.366995, 6.159597], [-75.366587, 6.159572], [-75.366328, 6.159546], [-75.365903, 6.159478], [-75.365821, 6.159498], [-75.365777, 6.159511], [-75.365742, 6.159559], [-75.365721, 6.159592], [-75.3657, 6.159628], [-75.365683, 6.159666], [-75.365701, 6.159729], [-75.365719, 6.159807], [-75.36573, 6.159889], [-75.365735, 6.159962], [-75.365734, 6.160029], [-75.365714, 6.160171], [-75.365678, 6.1603], [-75.365628, 6.160407], [-75.365564, 6.160508], [-75.365493, 6.16059], [-75.365385, 6.160689], [-75.365223, 6.160791], [-75.3649, 6.160992], [-75.36476, 6.161097], [-75.364663, 6.161179], [-75.364476, 6.161348], [-75.364388, 6.161439], [-75.364218, 6.161602], [-75.36359, 6.162247], [-75.361889, 6.163962], [-75.361735, 6.164127], [-75.361613, 6.164309], [-75.361541, 6.164474], [-75.361474, 6.164651], [-75.361424, 6.16476], [-75.36137, 6.164848], [-75.361323, 6.164873], [-75.361281, 6.164904], [-75.36125, 6.164933], [-75.361186, 6.165022], [-75.361151, 6.165125], [-75.361147, 6.165239], [-75.361178, 6.165349], [-75.36124, 6.165444], [-75.361328, 6.165518], [-75.361434, 6.165561], [-75.361541, 6.165653], [-75.361603, 6.165741], [-75.361681, 6.165931], [-75.36298, 6.169712], [-75.363095, 6.169993], [-75.363212, 6.170202], [-75.363317, 6.170393], [-75.36377, 6.17119], [-75.363839, 6.171339], [-75.363881, 6.171485], [-75.363894, 6.171678], [-75.363878, 6.171837], [-75.363836, 6.171951], [-75.3638, 6.172028], [-75.363743, 6.172097], [-75.363113, 6.172811], [-75.363061, 6.172865], [-75.362925, 6.173048], [-75.362821, 6.173195], [-75.362732, 6.173401], [-75.362532, 6.17381], [-75.362408, 6.17404], [-75.36229, 6.17429], [-75.362157, 6.174578], [-75.361936, 6.175285], [-75.36177, 6.175773], [-75.361701, 6.175991], [-75.361667, 6.176066], [-75.361472, 6.176489], [-75.361412, 6.176624], [-75.361396, 6.176666], [-75.361203, 6.177077], [-75.361006, 6.177507], [-75.360815, 6.177928], [-75.360689, 6.178133], [-75.360655, 6.178169], [-75.360614, 6.178202], [-75.36056, 6.178236], [-75.360525, 6.17824], [-75.360491, 6.178249], [-75.360459, 6.178263], [-75.360384, 6.178256], [-75.360303, 6.17825], [-75.360223, 6.178233], [-75.360122, 6.178194], [-75.359425, 6.177949], [-75.358878, 6.177769], [-75.358647, 6.177686], [-75.357971, 6.177445], [-75.35773, 6.177359], [-75.357565, 6.177308], [-75.35731, 6.177209], [-75.356487, 6.176906], [-75.356401, 6.176874], [-75.35482, 6.176317], [-75.353895, 6.175981], [-75.352936, 6.17566], [-75.352101, 6.175392], [-75.351565, 6.17522], [-75.35148, 6.175194], [-75.350161, 6.174781], [-75.349739, 6.174649], [-75.349512, 6.174578], [-75.349275, 6.174504], [-75.348853, 6.174368], [-75.348435, 6.174233], [-75.348245, 6.17417], [-75.348055, 6.174089], [-75.347853, 6.173981], [-75.347659, 6.173854], [-75.346915, 6.173296], [-75.346763, 6.173173], [-75.346501, 6.172976], [-75.346101, 6.17273], [-75.345853, 6.172595], [-75.345549, 6.172481], [-75.345444, 6.172448], [-75.345322, 6.172411], [-75.345162, 6.172372], [-75.345086, 6.172351], [-75.345043, 6.172324], [-75.344964, 6.172286], [-75.3448, 6.172243], [-75.344722, 6.172196], [-75.344672, 6.172139], [-75.344643, 6.172063], [-75.344642, 6.172046], [-75.344636, 6.17196], [-75.344645, 6.17185], [-75.344679, 6.171756], [-75.344721, 6.171709], [-75.344773, 6.17167], [-75.344857, 6.171652], [-75.344898, 6.171621], [-75.344962, 6.171642], [-75.345066, 6.171657], [-75.345163, 6.171691], [-75.345256, 6.171739], [-75.34535, 6.171792], [-75.345419, 6.171852], [-75.345458, 6.17192], [-75.345477, 6.172003], [-75.345472, 6.172077], [-75.345454, 6.172178], [-75.345425, 6.172295], [-75.345271, 6.17285], [-75.345257, 6.172908], [-75.345255, 6.172986], [-75.345268, 6.173091], [-75.345306, 6.173203], [-75.345385, 6.173322], [-75.345492, 6.173416], [-75.345845, 6.173653], [-75.345923, 6.173704], [-75.345987, 6.173797], [-75.346038, 6.173901], [-75.346036, 6.173964], [-75.34605, 6.174026], [-75.346079, 6.174083], [-75.34604, 6.174197], [-75.345989, 6.174346], [-75.345954, 6.174398], [-75.345786, 6.174631], [-75.345733, 6.174705], [-75.34549, 6.175022], [-75.345313, 6.175261], [-75.345261, 6.175292], [-75.34522, 6.175321], [-75.345198, 6.175343], [-75.345162, 6.175379], [-75.345038, 6.175285], [-75.344907, 6.175184], [-75.344885, 6.175167], [-75.344117, 6.174596], [-75.343823, 6.174446], [-75.343747, 6.174407], [-75.343113, 6.174132], [-75.342835, 6.174013], [-75.342468, 6.173865], [-75.342382, 6.173834], [-75.342287, 6.173804], [-75.342198, 6.173775], [-75.342149, 6.173762], [-75.342123, 6.173755], [-75.341094, 6.173496], [-75.340817, 6.173429], [-75.340424, 6.173326], [-75.340258, 6.173286], [-75.340058, 6.17324], [-75.339689, 6.173145], [-75.339663, 6.173139], [-75.33957, 6.17312], [-75.339385, 6.173092], [-75.339084, 6.173104], [-75.339059, 6.173106], [-75.338902, 6.17312], [-75.338686, 6.173131], [-75.3386, 6.17313], [-75.338244, 6.173055], [-75.338144, 6.17304], [-75.338113, 6.173036], [-75.338075, 6.173029], [-75.337807, 6.172984], [-75.337689, 6.172971], [-75.337659, 6.172968], [-75.337593, 6.172967], [-75.337487, 6.172958], [-75.337448, 6.172948], [-75.337173, 6.17287], [-75.337054, 6.172836], [-75.336708, 6.172854], [-75.336632, 6.172836], [-75.336495, 6.172788], [-75.336481, 6.172782], [-75.3364, 6.172742], [-75.33634, 6.172695], [-75.336246, 6.172591], [-75.336224, 6.172568], [-75.336169, 6.172501], [-75.336095, 6.172429], [-75.33603, 6.172354], [-75.335873, 6.17219], [-75.335718, 6.172068], [-75.335611, 6.171997], [-75.335539, 6.171955], [-75.335509, 6.17194], [-75.335441, 6.171903], [-75.335325, 6.171839], [-75.335221, 6.171797], [-75.335186, 6.171783], [-75.335156, 6.17177], [-75.334907, 6.171684], [-75.33473, 6.171607], [-75.334612, 6.171572], [-75.334451, 6.171519], [-75.33415, 6.171483], [-75.3339, 6.171464], [-75.33368, 6.171449], [-75.333589, 6.171442], [-75.333529, 6.171539], [-75.333492, 6.171593], [-75.333469, 6.171629], [-75.333343, 6.171824], [-75.333131, 6.172138], [-75.333067, 6.172233], [-75.333015, 6.17231], [-75.333, 6.172331], [-75.332969, 6.172374], [-75.332904, 6.172458], [-75.332806, 6.172589], [-75.332719, 6.172702], [-75.332667, 6.172756], [-75.332636, 6.172773], [-75.3326, 6.172784], [-75.332378, 6.173], [-75.332196, 6.172878], [-75.332173, 6.172863], [-75.332158, 6.17286], [-75.332097, 6.172897], [-75.33205, 6.172919], [-75.332, 6.172941], [-75.331784, 6.173044], [-75.331561, 6.173158], [-75.331514, 6.17317], [-75.331448, 6.173173], [-75.33139, 6.173164], [-75.33133, 6.173145], [-75.331234, 6.173093], [-75.331189, 6.173069], [-75.331152, 6.173048], [-75.33111, 6.17304], [-75.331067, 6.173032], [-75.330965, 6.173018], [-75.330838, 6.173023], [-75.330703, 6.17305], [-75.330511, 6.17311], [-75.330379, 6.173164], [-75.330294, 6.17319], [-75.330163, 6.173212], [-75.329965, 6.173234], [-75.329722, 6.173242], [-75.329615, 6.173248], [-75.329546, 6.173252], [-75.329361, 6.173273], [-75.329151, 6.17329], [-75.328931, 6.173302], [-75.328678, 6.173308], [-75.328521, 6.1733], [-75.328391, 6.173297], [-75.328093, 6.173289], [-75.327764, 6.173295], [-75.327389, 6.173356], [-75.326988, 6.173328], [-75.326875, 6.173349], [-75.326779, 6.173412], [-75.326619, 6.173605], [-75.326512, 6.173771], [-75.326427, 6.173875], [-75.326273, 6.173998], [-75.326184, 6.17404], [-75.325519, 6.174268], [-75.325078, 6.174528], [-75.324909, 6.174591], [-75.324876, 6.174603], [-75.324789, 6.174619], [-75.324558, 6.174583], [-75.324257, 6.17449], [-75.323736, 6.174292], [-75.323522, 6.174181], [-75.323398, 6.174093], [-75.323252, 6.173989], [-75.32305, 6.173873], [-75.322755, 6.173677], [-75.322553, 6.173606], [-75.322397, 6.173599], [-75.321946, 6.173634], [-75.321713, 6.173684], [-75.321586, 6.173698], [-75.321495, 6.173707], [-75.321398, 6.173723], [-75.321357, 6.173737], [-75.321114, 6.173737], [-75.320975, 6.173754], [-75.320848, 6.173766], [-75.320851, 6.173789], [-75.320825, 6.173856], [-75.320698, 6.174092], [-75.320623, 6.17418], [-75.320418, 6.174356], [-75.320001, 6.17464], [-75.319807, 6.174686], [-75.319535, 6.174716], [-75.31907, 6.174773], [-75.318912, 6.17485], [-75.318773, 6.174984], [-75.318684, 6.175061], [-75.318584, 6.175072], [-75.318435, 6.175026], [-75.318189, 6.174881], [-75.317979, 6.174889], [-75.317711, 6.175052], [-75.317224, 6.17569], [-75.317161, 6.175698], [-75.317094, 6.175735], [-75.317034, 6.175788], [-75.316986, 6.175845], [-75.316927, 6.175958], [-75.316798, 6.176198], [-75.316744, 6.176274], [-75.316678, 6.176367], [-75.316603, 6.176418], [-75.31652, 6.17647], [-75.316413, 6.176534], [-75.316103, 6.176651], [-75.316039, 6.176672], [-75.315971, 6.17668], [-75.315919, 6.176684], [-75.315868, 6.176678], [-75.315706, 6.176639], [-75.315159, 6.176496], [-75.314734, 6.176375], [-75.314521, 6.176339], [-75.314326, 6.17632], [-75.314178, 6.176301], [-75.31407, 6.176284], [-75.313971, 6.17625], [-75.313701, 6.176117], [-75.313533, 6.176017], [-75.313364, 6.175932], [-75.313101, 6.17582], [-75.312924, 6.175755], [-75.31279, 6.175707], [-75.31272, 6.175673], [-75.31265, 6.175632], [-75.312586, 6.175575], [-75.312525, 6.175508], [-75.312221, 6.17521], [-75.312098, 6.1751], [-75.312022, 6.175052], [-75.31193, 6.175029], [-75.311877, 6.175022], [-75.311817, 6.175032], [-75.311769, 6.175065], [-75.311679, 6.175127], [-75.31162, 6.17519], [-75.311504, 6.175367], [-75.311446, 6.175462], [-75.311394, 6.175512], [-75.31135, 6.175556], [-75.311288, 6.175595], [-75.311138, 6.175636], [-75.311003, 6.17565], [-75.310864, 6.175645], [-75.310407, 6.175621], [-75.310005, 6.1756], [-75.309594, 6.175579], [-75.309374, 6.175581], [-75.309263, 6.175603], [-75.309129, 6.175653], [-75.308803, 6.175816], [-75.308666, 6.175909], [-75.308603, 6.175989], [-75.308547, 6.176075], [-75.308496, 6.176236], [-75.308493, 6.176322], [-75.308496, 6.176408], [-75.30864, 6.177071], [-75.308639, 6.177198], [-75.308617, 6.17731], [-75.308546, 6.17743], [-75.308483, 6.177501], [-75.308428, 6.177547], [-75.30831, 6.177603], [-75.308155, 6.177631], [-75.307895, 6.177653], [-75.307505, 6.177676], [-75.307434, 6.177674], [-75.307361, 6.177652], [-75.307232, 6.177571], [-75.30698, 6.177406], [-75.306892, 6.177368], [-75.306803, 6.177334], [-75.306723, 6.17731], [-75.305851, 6.177082], [-75.305701, 6.177056], [-75.305596, 6.177061], [-75.30555, 6.17708], [-75.305512, 6.177108], [-75.305399, 6.177203], [-75.304934, 6.177716], [-75.304875, 6.177807], [-75.304799, 6.17796], [-75.304719, 6.178177], [-75.304627, 6.17843], [-75.304278, 6.179542], [-75.304215, 6.179746], [-75.30417, 6.179855], [-75.304109, 6.179953], [-75.303988, 6.180118], [-75.303864, 6.180274], [-75.303743, 6.180477], [-75.30372, 6.180554], [-75.303708, 6.180634], [-75.303695, 6.180884], [-75.303688, 6.181093], [-75.303693, 6.181254], [-75.30371, 6.181418], [-75.303758, 6.181595], [-75.303822, 6.181771], [-75.304114, 6.182441], [-75.304165, 6.182531], [-75.304287, 6.182676], [-75.304415, 6.182802], [-75.304496, 6.18289], [-75.304539, 6.183002], [-75.304549, 6.183137], [-75.304529, 6.183241], [-75.304481, 6.183566], [-75.304454, 6.18403], [-75.304445, 6.184145], [-75.304464, 6.18425], [-75.304488, 6.184311], [-75.304564, 6.184462], [-75.304637, 6.184549], [-75.304981, 6.18486], [-75.305034, 6.184932], [-75.305077, 6.185047], [-75.305079, 6.18517], [-75.305053, 6.185376], [-75.304998, 6.185483], [-75.304913, 6.185712], [-75.304817, 6.185817], [-75.304759, 6.185858], [-75.304686, 6.185888], [-75.304627, 6.185892], [-75.30457, 6.185874], [-75.304502, 6.18582], [-75.304444, 6.185693], [-75.304384, 6.185446], [-75.304324, 6.185317], [-75.304218, 6.185185], [-75.30379, 6.184778], [-75.303639, 6.184666], [-75.30349, 6.184614], [-75.303375, 6.184603], [-75.303216, 6.184625], [-75.303008, 6.184704], [-75.302886, 6.184779], [-75.302777, 6.184871], [-75.302593, 6.18513], [-75.302396, 6.185312], [-75.30228, 6.185367], [-75.302158, 6.185385], [-75.302071, 6.185361], [-75.301959, 6.185283], [-75.301894, 6.185177], [-75.301866, 6.185074], [-75.3018, 6.184453], [-75.301753, 6.184245], [-75.301148, 6.182894], [-75.301006, 6.182603], [-75.300896, 6.182479], [-75.300804, 6.182389], [-75.300717, 6.182339], [-75.300654, 6.182309], [-75.300508, 6.182258], [-75.300462, 6.182237], [-75.300277, 6.182204], [-75.299867, 6.182073], [-75.299465, 6.181928], [-75.299239, 6.18185], [-75.299122, 6.181828], [-75.299013, 6.181817], [-75.298921, 6.181812], [-75.298826, 6.181818], [-75.298627, 6.181846], [-75.297591, 6.182055], [-75.297459, 6.18209], [-75.29737, 6.18214], [-75.297271, 6.182221], [-75.297168, 6.182397], [-75.297019, 6.18267], [-75.296959, 6.182759], [-75.296854, 6.182896], [-75.296715, 6.183036], [-75.296553, 6.183201], [-75.296404, 6.183345], [-75.296343, 6.183445], [-75.296295, 6.183557], [-75.296285, 6.184004], [-75.296275, 6.1841], [-75.296233, 6.184181], [-75.296162, 6.18425], [-75.296099, 6.184284], [-75.295991, 6.184312], [-75.295883, 6.184295], [-75.295613, 6.184239], [-75.295101, 6.184089], [-75.294956, 6.184067], [-75.294864, 6.18407], [-75.294804, 6.184082], [-75.294745, 6.1841], [-75.294688, 6.18413], [-75.294606, 6.184225], [-75.294556, 6.184324], [-75.294379, 6.184767], [-75.294357, 6.18483], [-75.294316, 6.184883], [-75.294255, 6.184936], [-75.294184, 6.18498], [-75.294067, 6.185021], [-75.293718, 6.185101], [-75.293648, 6.185117], [-75.293577, 6.185149], [-75.293528, 6.185184], [-75.293477, 6.185241], [-75.293192, 6.185625], [-75.292942, 6.185981], [-75.292855, 6.186072], [-75.292755, 6.186149], [-75.292686, 6.186193], [-75.292598, 6.186213], [-75.292475, 6.186218], [-75.291995, 6.186141], [-75.291926, 6.186141], [-75.29184, 6.186159], [-75.291715, 6.186214], [-75.291651, 6.186304], [-75.291618, 6.186392], [-75.291605, 6.186491], [-75.291605, 6.186591], [-75.291644, 6.186968], [-75.291633, 6.187162], [-75.291463, 6.188446], [-75.291454, 6.188619], [-75.291465, 6.188706], [-75.291511, 6.188901], [-75.291599, 6.18925], [-75.291601, 6.189374], [-75.291564, 6.189515], [-75.291366, 6.190086], [-75.291304, 6.190221], [-75.291244, 6.190305], [-75.291149, 6.190388], [-75.291019, 6.190451], [-75.290792, 6.190548], [-75.290659, 6.190616], [-75.29062, 6.190659], [-75.290587, 6.190711], [-75.29052, 6.190893], [-75.290436, 6.191173], [-75.290392, 6.191335], [-75.290167, 6.192075], [-75.290103, 6.192185], [-75.290027, 6.19228], [-75.289694, 6.192624], [-75.289587, 6.19271], [-75.28951, 6.192763], [-75.289277, 6.192853], [-75.289075, 6.192919], [-75.28882, 6.192962], [-75.288568, 6.193], [-75.288459, 6.193025], [-75.288351, 6.193055], [-75.288254, 6.193095], [-75.288154, 6.19316], [-75.288062, 6.193217], [-75.287948, 6.193319], [-75.287776, 6.193501], [-75.287648, 6.193632], [-75.28754, 6.193744], [-75.28745, 6.193835], [-75.287397, 6.193919], [-75.287351, 6.194009], [-75.28734, 6.194089], [-75.287345, 6.194133], [-75.28737, 6.194208], [-75.287402, 6.194273], [-75.287472, 6.194362], [-75.287803, 6.194658], [-75.287918, 6.194757], [-75.288118, 6.194944], [-75.288202, 6.19506], [-75.288255, 6.195179], [-75.288292, 6.195631], [-75.288291, 6.195726], [-75.288267, 6.195796], [-75.288225, 6.195857], [-75.288142, 6.19593], [-75.287285, 6.196258], [-75.287175, 6.19634], [-75.287128, 6.196392], [-75.287082, 6.196465], [-75.287019, 6.196598], [-75.286987, 6.196738], [-75.286968, 6.196832], [-75.28693, 6.196914], [-75.28685, 6.196978], [-75.286775, 6.197002], [-75.286696, 6.197009], [-75.286565, 6.197002], [-75.286311, 6.196961], [-75.286251, 6.196958], [-75.286191, 6.196972], [-75.286053, 6.19704], [-75.28592, 6.197127], [-75.285792, 6.197218], [-75.285343, 6.197536], [-75.285048, 6.19774], [-75.284766, 6.197955], [-75.28472, 6.198003], [-75.284681, 6.198057], [-75.284643, 6.198116], [-75.284615, 6.198181], [-75.284592, 6.198284], [-75.284579, 6.198391], [-75.284582, 6.198662], [-75.284581, 6.19879], [-75.284579, 6.198931], [-75.284581, 6.19907], [-75.284596, 6.199209], [-75.284629, 6.199302], [-75.284706, 6.199393], [-75.285001, 6.199669], [-75.285047, 6.199735], [-75.285064, 6.199788], [-75.285084, 6.199859], [-75.285077, 6.199936], [-75.285052, 6.200009], [-75.28501, 6.200059], [-75.28496, 6.200103], [-75.284813, 6.200173], [-75.284574, 6.200313], [-75.284522, 6.20036], [-75.284482, 6.20042], [-75.284412, 6.200573], [-75.284284, 6.200889], [-75.284192, 6.201132], [-75.284119, 6.201375], [-75.28412, 6.201456], [-75.284148, 6.20155], [-75.284275, 6.201734], [-75.284349, 6.201831], [-75.284436, 6.201966], [-75.284469, 6.202046], [-75.284479, 6.202103], [-75.28448, 6.202197], [-75.284469, 6.2023], [-75.284435, 6.202462], [-75.284375, 6.202555], [-75.284339, 6.202601], [-75.28429, 6.202641], [-75.284143, 6.202717], [-75.283607, 6.202976], [-75.283537, 6.203016], [-75.283474, 6.203074], [-75.283271, 6.203364], [-75.283192, 6.203542], [-75.283182, 6.203613], [-75.283183, 6.203699], [-75.283212, 6.203866], [-75.283369, 6.204226], [-75.283399, 6.204337], [-75.283405, 6.204446], [-75.283402, 6.20457], [-75.283386, 6.204619], [-75.283361, 6.204657], [-75.283294, 6.204754], [-75.283175, 6.204868], [-75.283049, 6.204934], [-75.282905, 6.20502], [-75.282636, 6.205108], [-75.28242, 6.205231], [-75.28221, 6.205355], [-75.28203, 6.205468], [-75.281783, 6.205639], [-75.28167, 6.205703], [-75.281548, 6.205745], [-75.281409, 6.205778], [-75.281288, 6.205785], [-75.280822, 6.205757], [-75.280433, 6.205759], [-75.28027, 6.205774], [-75.28021, 6.205791], [-75.280139, 6.205819], [-75.280095, 6.205857], [-75.280058, 6.205903], [-75.279942, 6.206093], [-75.279843, 6.20621], [-75.279734, 6.206267], [-75.279524, 6.206253], [-75.279368, 6.206257], [-75.279088, 6.20632], [-75.278975, 6.206426], [-75.278937, 6.206576], [-75.278823, 6.206689], [-75.278658, 6.206752], [-75.278346, 6.206951], [-75.278217, 6.207108], [-75.278045, 6.207313], [-75.277948, 6.207383], [-75.277816, 6.207437], [-75.277733, 6.207454], [-75.277635, 6.207455], [-75.277265, 6.207399], [-75.27705, 6.207358], [-75.276849, 6.20731], [-75.276785, 6.207278], [-75.276625, 6.20717], [-75.276495, 6.207089], [-75.276367, 6.207054], [-75.276226, 6.207088], [-75.276126, 6.207141], [-75.276038, 6.207229], [-75.275872, 6.2074], [-75.275753, 6.207472], [-75.275577, 6.207524], [-75.275437, 6.20756], [-75.275273, 6.207593], [-75.274917, 6.207653], [-75.274772, 6.207697], [-75.274673, 6.207746], [-75.274489, 6.207831], [-75.274304, 6.207932], [-75.274109, 6.208008], [-75.273793, 6.207992], [-75.273618, 6.207961], [-75.273483, 6.207916], [-75.273129, 6.207842], [-75.272849, 6.207626], [-75.272784, 6.207594], [-75.272708, 6.207581], [-75.272504, 6.207601], [-75.272189, 6.207548], [-75.272013, 6.207536], [-75.271703, 6.207602], [-75.271487, 6.207614], [-75.271404, 6.207608], [-75.271347, 6.207576], [-75.271261, 6.207472], [-75.271172, 6.207368], [-75.271057, 6.207244], [-75.270915, 6.20717], [-75.270694, 6.207045], [-75.270424, 6.206978], [-75.269926, 6.206926], [-75.269753, 6.206968], [-75.269645, 6.207017], [-75.269587, 6.207016], [-75.269548, 6.206963], [-75.269546, 6.206864], [-75.269556, 6.206761], [-75.269481, 6.206616], [-75.269354, 6.206525], [-75.269214, 6.206439], [-75.269096, 6.20644], [-75.269005, 6.20648], [-75.268898, 6.206528], [-75.268742, 6.206553], [-75.268514, 6.206659], [-75.268384, 6.206779], [-75.268247, 6.206806], [-75.268104, 6.206789], [-75.267864, 6.206815], [-75.267797, 6.206827], [-75.267743, 6.206839], [-75.267475, 6.206909], [-75.267364, 6.206936], [-75.267292, 6.207003], [-75.267193, 6.207112], [-75.266959, 6.207224], [-75.266799, 6.207357], [-75.266544, 6.207476], [-75.26645, 6.207458], [-75.266323, 6.207237], [-75.266241, 6.207177], [-75.266151, 6.207238], [-75.266109, 6.207251], [-75.266068, 6.207252], [-75.266026, 6.207268], [-75.265992, 6.207287], [-75.265972, 6.207322], [-75.265966, 6.207364], [-75.265951, 6.207708], [-75.265977, 6.207806], [-75.266033, 6.20789], [-75.266069, 6.207991], [-75.266077, 6.208069], [-75.266052, 6.208173], [-75.266006, 6.208264], [-75.265942, 6.208336], [-75.265909, 6.208413], [-75.265891, 6.208542], [-75.265876, 6.208581], [-75.265841, 6.208617], [-75.265595, 6.208828], [-75.26556, 6.208869], [-75.265544, 6.20892], [-75.265485, 6.209128], [-75.265467, 6.209169], [-75.265432, 6.209196], [-75.26521, 6.209316], [-75.265067, 6.209455], [-75.265014, 6.209521], [-75.264991, 6.209593], [-75.264984, 6.209848], [-75.26495, 6.209909], [-75.264869, 6.209968], [-75.264743, 6.209985], [-75.264582, 6.209956], [-75.264499, 6.209954], [-75.264201, 6.210074], [-75.263539, 6.210361], [-75.263506, 6.210381], [-75.263479, 6.21041], [-75.263096, 6.21107], [-75.263006, 6.211308], [-75.26271, 6.211658], [-75.262654, 6.211685], [-75.262412, 6.211742], [-75.26236, 6.211775], [-75.261874, 6.212367], [-75.261422, 6.212862], [-75.26139, 6.212881], [-75.261255, 6.212923], [-75.261092, 6.213023], [-75.261066, 6.213065], [-75.261066, 6.213118], [-75.261089, 6.213178], [-75.261139, 6.213234], [-75.26117, 6.213291], [-75.26117, 6.213367], [-75.260992, 6.213693], [-75.260879, 6.213846], [-75.260857, 6.21391], [-75.260824, 6.21423], [-75.260722, 6.214705], [-75.260549, 6.215103], [-75.260268, 6.215526], [-75.260232, 6.215589], [-75.260217, 6.215658], [-75.260207, 6.216104], [-75.260187, 6.216294], [-75.260142, 6.21647], [-75.260105, 6.216546], [-75.260053, 6.216602], [-75.259987, 6.216687], [-75.259689, 6.2169], [-75.259525, 6.21707], [-75.259482, 6.217113], [-75.259425, 6.217177], [-75.259265, 6.217368], [-75.259119, 6.217588], [-75.259086, 6.217614], [-75.259041, 6.217623], [-75.258821, 6.217626], [-75.258789, 6.217625], [-75.258752, 6.217638], [-75.258729, 6.21766], [-75.258709, 6.217688], [-75.258605, 6.217852], [-75.258555, 6.217934], [-75.258465, 6.218061], [-75.258408, 6.21816], [-75.258328, 6.218368], [-75.258135, 6.218867], [-75.257902, 6.219268], [-75.257737, 6.219457], [-75.257696, 6.219488], [-75.25726, 6.219806], [-75.257214, 6.219839], [-75.25717, 6.219882], [-75.257144, 6.219926], [-75.257139, 6.21997], [-75.257153, 6.22002], [-75.257197, 6.220136], [-75.257203, 6.220188], [-75.257193, 6.220235], [-75.256931, 6.220571], [-75.256736, 6.220728], [-75.256645, 6.220785], [-75.25634, 6.220868], [-75.256267, 6.220881], [-75.256206, 6.22087], [-75.256159, 6.22084], [-75.256033, 6.220719], [-75.255967, 6.220687], [-75.255893, 6.220675], [-75.255724, 6.220684], [-75.255597, 6.220707], [-75.2555, 6.220749], [-75.255393, 6.220808], [-75.255318, 6.220869], [-75.255263, 6.220925], [-75.255161, 6.221041], [-75.255059, 6.22111], [-75.254918, 6.221146], [-75.254819, 6.221156], [-75.254753, 6.221146], [-75.254679, 6.221119], [-75.254589, 6.221094], [-75.254367, 6.221082], [-75.254233, 6.221056], [-75.254074, 6.221002], [-75.253876, 6.220918], [-75.253751, 6.220827], [-75.253636, 6.220712], [-75.25357, 6.220661], [-75.253475, 6.220618], [-75.253376, 6.220571], [-75.253257, 6.220567], [-75.252997, 6.220563], [-75.252837, 6.22053], [-75.252745, 6.220509], [-75.252616, 6.220464], [-75.252506, 6.220431], [-75.252393, 6.220418], [-75.25228, 6.220441], [-75.252189, 6.220489], [-75.252044, 6.220574], [-75.251973, 6.220604], [-75.251897, 6.220612], [-75.251855, 6.220604], [-75.251814, 6.220595], [-75.251742, 6.220551], [-75.251628, 6.220401], [-75.251577, 6.220358], [-75.251521, 6.220331], [-75.251457, 6.220311], [-75.251401, 6.220319], [-75.251337, 6.220369], [-75.251309, 6.220414], [-75.251258, 6.220575], [-75.251231, 6.220655], [-75.25118, 6.22073], [-75.251125, 6.220833], [-75.25105, 6.220953], [-75.250961, 6.221015], [-75.250914, 6.221045], [-75.250859, 6.22106], [-75.250785, 6.221055], [-75.250336, 6.220925], [-75.250291, 6.220919], [-75.250104, 6.220938], [-75.249815, 6.221017], [-75.249531, 6.221113], [-75.249402, 6.221117], [-75.24929, 6.221116], [-75.249179, 6.221102], [-75.249054, 6.221115], [-75.249002, 6.221137], [-75.248965, 6.221176], [-75.248922, 6.221255], [-75.248851, 6.221417], [-75.248737, 6.221578], [-75.248664, 6.221621], [-75.248579, 6.221644], [-75.248522, 6.221636], [-75.248451, 6.221607], [-75.248061, 6.221233], [-75.247959, 6.221116], [-75.247841, 6.221082], [-75.247798, 6.221079], [-75.24774, 6.221089], [-75.24764, 6.221155], [-75.247498, 6.221268], [-75.247379, 6.221351], [-75.24721, 6.221078], [-75.247254, 6.22087], [-75.247407, 6.220316], [-75.247401, 6.220249], [-75.247369, 6.220199], [-75.24731, 6.220096], [-75.247247, 6.219977], [-75.247039, 6.219629], [-75.246877, 6.219295], [-75.246674, 6.218945], [-75.246563, 6.21872], [-75.24641, 6.21848], [-75.246255, 6.218247], [-75.246128, 6.218009], [-75.245871, 6.21754], [-75.245537, 6.217728], [-75.245274, 6.217886], [-75.244714, 6.218203], [-75.244465, 6.218058], [-75.244392, 6.21802], [-75.244166, 6.217897], [-75.243975, 6.217791], [-75.243847, 6.217757], [-75.243625, 6.217748], [-75.243412, 6.217732], [-75.243226, 6.217681], [-75.243053, 6.217597], [-75.243002, 6.217536], [-75.242897, 6.217472], [-75.242768, 6.217404], [-75.242683, 6.217383], [-75.242632, 6.217386], [-75.242365, 6.217241], [-75.242139, 6.217115], [-75.242092, 6.217084], [-75.241732, 6.216854], [-75.241595, 6.216774], [-75.241523, 6.216738], [-75.241359, 6.216692], [-75.241038, 6.216666], [-75.239697, 6.216609], [-75.239278, 6.216618], [-75.239189, 6.216613], [-75.239111, 6.216598], [-75.238897, 6.216518], [-75.238353, 6.21618], [-75.23824, 6.216128], [-75.238182, 6.216118], [-75.238131, 6.21611], [-75.237964, 6.216111], [-75.237811, 6.216136], [-75.237458, 6.216194], [-75.237304, 6.216219], [-75.237108, 6.216203], [-75.236987, 6.216169], [-75.236802, 6.216065], [-75.236666, 6.215936], [-75.236499, 6.215748], [-75.236346, 6.215528], [-75.236108, 6.215089], [-75.235947, 6.214897], [-75.235753, 6.214766], [-75.235537, 6.214673], [-75.235259, 6.214635], [-75.235013, 6.214649], [-75.234802, 6.214705], [-75.234678, 6.214754], [-75.234559, 6.214822], [-75.234393, 6.214972], [-75.234267, 6.215139], [-75.234202, 6.215267], [-75.234159, 6.215364], [-75.234126, 6.215506], [-75.234121, 6.215573], [-75.2341, 6.215775], [-75.234095, 6.216284], [-75.234101, 6.216612], [-75.234082, 6.216769], [-75.23403, 6.216907], [-75.233943, 6.217044], [-75.233799, 6.217214], [-75.23365, 6.217322], [-75.233543, 6.217363], [-75.233342, 6.217391], [-75.233201, 6.217378], [-75.233107, 6.217355], [-75.232963, 6.217282], [-75.232819, 6.217127], [-75.232557, 6.216834], [-75.232301, 6.216528], [-75.232065, 6.216315], [-75.231945, 6.216239], [-75.231753, 6.216139], [-75.2316, 6.216107], [-75.231486, 6.216109], [-75.23123, 6.216179], [-75.230988, 6.216329], [-75.23077, 6.2165], [-75.230566, 6.216665], [-75.230431, 6.216765], [-75.23031, 6.216845], [-75.23012, 6.216894], [-75.229977, 6.216906], [-75.229803, 6.216869], [-75.229373, 6.216752], [-75.229051, 6.216651], [-75.228849, 6.216587], [-75.228762, 6.216557], [-75.228171, 6.216354], [-75.228101, 6.216332], [-75.227966, 6.216271], [-75.227828, 6.216169], [-75.227648, 6.215946], [-75.226806, 6.214594], [-75.225918, 6.213206], [-75.225529, 6.212596], [-75.22539, 6.212394], [-75.225283, 6.212268], [-75.225168, 6.212158], [-75.225021, 6.212069], [-75.22444, 6.21171], [-75.224145, 6.211539], [-75.22379, 6.211321], [-75.223493, 6.211175], [-75.223296, 6.21105], [-75.222767, 6.210843], [-75.222345, 6.210654], [-75.222102, 6.210484], [-75.221926, 6.210279], [-75.221828, 6.21009], [-75.221777, 6.209932], [-75.221722, 6.209698], [-75.221618, 6.209017], [-75.221542, 6.208543], [-75.221473, 6.208358], [-75.221413, 6.20828], [-75.221285, 6.208156], [-75.221168, 6.208071], [-75.221071, 6.208034], [-75.22091, 6.208], [-75.220815, 6.208001], [-75.220458, 6.208051], [-75.219814, 6.208203], [-75.219023, 6.208378], [-75.218764, 6.208402], [-75.218621, 6.208404], [-75.218473, 6.20839], [-75.218233, 6.208342], [-75.218085, 6.208273], [-75.217988, 6.208212], [-75.217854, 6.208126], [-75.21763, 6.207936], [-75.217123, 6.20745], [-75.216471, 6.206821], [-75.216302, 6.206653], [-75.216152, 6.206543], [-75.21598, 6.206464], [-75.215826, 6.206413], [-75.215538, 6.206383], [-75.215244, 6.206376], [-75.214916, 6.206375], [-75.214768, 6.206345], [-75.214625, 6.206283], [-75.21446, 6.206127], [-75.213947, 6.205442], [-75.213886, 6.205373], [-75.213807, 6.205314], [-75.213573, 6.205203], [-75.21353, 6.205193], [-75.213454, 6.205179], [-75.213329, 6.205162], [-75.212824, 6.205091], [-75.212285, 6.204999], [-75.211849, 6.204917], [-75.211447, 6.20484], [-75.211253, 6.204775], [-75.211109, 6.2047], [-75.210864, 6.204526], [-75.209752, 6.203848], [-75.209494, 6.203655], [-75.209235, 6.20346], [-75.208965, 6.203265], [-75.208723, 6.203056], [-75.208615, 6.202974], [-75.208532, 6.202928], [-75.208439, 6.202882], [-75.208363, 6.202861], [-75.208294, 6.202852], [-75.208195, 6.202849], [-75.208113, 6.202855], [-75.208009, 6.202872], [-75.207876, 6.202927], [-75.207769, 6.202998], [-75.206664, 6.203792], [-75.206209, 6.204119], [-75.205878, 6.204374], [-75.205741, 6.204474], [-75.205477, 6.204581], [-75.205261, 6.204627], [-75.205131, 6.204624], [-75.204984, 6.204598], [-75.20322, 6.204304], [-75.203114, 6.204289], [-75.202874, 6.204277], [-75.202735, 6.204294], [-75.202543, 6.204365], [-75.202462, 6.204405], [-75.202391, 6.204451], [-75.202115, 6.204645], [-75.201866, 6.204839], [-75.201784, 6.204899], [-75.201682, 6.204947], [-75.20152, 6.205026], [-75.201301, 6.205055], [-75.200562, 6.204916], [-75.200263, 6.204848], [-75.200066, 6.204779], [-75.199935, 6.204702], [-75.199824, 6.204595], [-75.19975, 6.20448], [-75.199591, 6.204185], [-75.19945, 6.203954], [-75.19937, 6.203824], [-75.199267, 6.203722], [-75.199087, 6.203619], [-75.19893, 6.203564], [-75.198797, 6.203545], [-75.198616, 6.20357], [-75.198527, 6.203596], [-75.198447, 6.203631], [-75.198361, 6.203691], [-75.198032, 6.204023], [-75.197929, 6.204154], [-75.197788, 6.204335], [-75.197618, 6.204474], [-75.197543, 6.204513], [-75.197485, 6.204542], [-75.197363, 6.204596], [-75.197247, 6.20462], [-75.197026, 6.204668], [-75.196561, 6.204738], [-75.196475, 6.204741], [-75.195169, 6.204838], [-75.194598, 6.204901], [-75.194357, 6.204936], [-75.193871, 6.205007], [-75.193659, 6.205031], [-75.193503, 6.20506], [-75.193388, 6.205083], [-75.193273, 6.205116], [-75.193162, 6.205175], [-75.193065, 6.205237], [-75.192967, 6.205325], [-75.192898, 6.205407], [-75.192857, 6.205487], [-75.192832, 6.205572], [-75.192677, 6.206379], [-75.192544, 6.20718], [-75.192499, 6.20732], [-75.192417, 6.207461], [-75.192295, 6.207565], [-75.192192, 6.207625], [-75.192002, 6.207707], [-75.191195, 6.208024], [-75.191, 6.208132], [-75.190892, 6.208209], [-75.190775, 6.208304], [-75.190636, 6.208426], [-75.190488, 6.208573], [-75.190368, 6.208698], [-75.190281, 6.20882], [-75.190222, 6.208979], [-75.190218, 6.209137], [-75.190241, 6.209334], [-75.190277, 6.20949], [-75.190382, 6.209692], [-75.190512, 6.209901], [-75.190622, 6.210106], [-75.190715, 6.210342], [-75.190753, 6.21055], [-75.19077, 6.21074], [-75.190765, 6.210907], [-75.190737, 6.211065], [-75.190687, 6.211213], [-75.190612, 6.211384], [-75.190518, 6.21154], [-75.190387, 6.211691], [-75.190284, 6.21179], [-75.190167, 6.211907], [-75.190066, 6.212006], [-75.189978, 6.212145], [-75.189928, 6.212237], [-75.1899, 6.212331], [-75.189871, 6.212421], [-75.18986, 6.212541], [-75.189874, 6.212655], [-75.189897, 6.212751], [-75.189963, 6.212853], [-75.190043, 6.212967], [-75.190153, 6.213138], [-75.190296, 6.213317], [-75.190417, 6.213443], [-75.190514, 6.21355], [-75.190576, 6.213681], [-75.190627, 6.213876], [-75.190616, 6.214038], [-75.190577, 6.214163], [-75.190513, 6.214274], [-75.190446, 6.21439], [-75.19033, 6.214552], [-75.190148, 6.214846], [-75.190027, 6.215012], [-75.18996, 6.215138], [-75.189917, 6.215263], [-75.189897, 6.2154], [-75.189906, 6.215532], [-75.189958, 6.2157], [-75.190032, 6.215851], [-75.19019, 6.216132], [-75.190543, 6.216841], [-75.191061, 6.217742], [-75.191275, 6.218106], [-75.191363, 6.218284], [-75.19142, 6.218416], [-75.19146, 6.218522], [-75.19149, 6.218669], [-75.191508, 6.218826], [-75.191509, 6.21897], [-75.191493, 6.219142], [-75.191425, 6.219301], [-75.191358, 6.219451], [-75.19128, 6.21956], [-75.191199, 6.219647], [-75.191108, 6.219738], [-75.190991, 6.219834], [-75.190869, 6.219907], [-75.190759, 6.219966], [-75.190626, 6.220006], [-75.190452, 6.220042], [-75.190356, 6.220057], [-75.188853, 6.220117], [-75.188786, 6.220121], [-75.188155, 6.220157], [-75.188055, 6.220171], [-75.187935, 6.220192], [-75.187797, 6.220213], [-75.187752, 6.220221], [-75.187662, 6.220243], [-75.187565, 6.220299], [-75.187455, 6.220375], [-75.187382, 6.220423], [-75.186388, 6.221272], [-75.18606, 6.221537], [-75.185901, 6.22163], [-75.185743, 6.221703], [-75.185537, 6.221765], [-75.185336, 6.221784], [-75.185104, 6.221791], [-75.184949, 6.22178], [-75.18482, 6.221754], [-75.184643, 6.221696], [-75.184438, 6.221582], [-75.184289, 6.221458], [-75.184115, 6.221281], [-75.183998, 6.221119], [-75.18388, 6.220904], [-75.183592, 6.220198], [-75.183445, 6.219873], [-75.183363, 6.219749], [-75.183282, 6.219652], [-75.183207, 6.21957], [-75.183097, 6.219493], [-75.18298, 6.219426], [-75.182834, 6.219355], [-75.182675, 6.219325], [-75.182598, 6.219318], [-75.18246, 6.219315], [-75.182308, 6.219341], [-75.182222, 6.21937], [-75.182149, 6.2194], [-75.182041, 6.21946], [-75.181919, 6.219568], [-75.181819, 6.219671], [-75.181735, 6.219808], [-75.181677, 6.21994], [-75.181637, 6.220097], [-75.181609, 6.220297], [-75.181482, 6.221904], [-75.181445, 6.222193], [-75.181413, 6.222495], [-75.181377, 6.222652], [-75.181298, 6.222842], [-75.181255, 6.222909], [-75.181192, 6.223006], [-75.181068, 6.223173], [-75.180799, 6.223521], [-75.180719, 6.223626], [-75.180496, 6.223875], [-75.180359, 6.224045], [-75.180209, 6.224248], [-75.180133, 6.22437], [-75.180062, 6.224491], [-75.180018, 6.224601], [-75.179975, 6.224736], [-75.179975, 6.224761], [-75.179973, 6.224821], [-75.179972, 6.224908], [-75.179982, 6.224961], [-75.179998, 6.225049], [-75.1799, 6.225051], [-75.179822, 6.225052], [-75.179716, 6.225029], [-75.179619, 6.224992], [-75.179523, 6.224936], [-75.179425, 6.224859], [-75.179277, 6.224713], [-75.179179, 6.224598], [-75.17904, 6.22446], [-75.178943, 6.224387], [-75.178864, 6.224335], [-75.178774, 6.224293], [-75.178642, 6.224253], [-75.178511, 6.224222], [-75.17841, 6.224205], [-75.178325, 6.224201], [-75.178121, 6.224204], [-75.178051, 6.224202], [-75.177982, 6.224184], [-75.17788, 6.224136], [-75.177764, 6.224069], [-75.177593, 6.223957], [-75.17749, 6.22388], [-75.177443, 6.223829], [-75.177409, 6.223777], [-75.177388, 6.223735], [-75.177366, 6.223688], [-75.177356, 6.223646], [-75.177353, 6.223583], [-75.177355, 6.223504], [-75.177369, 6.223269], [-75.177389, 6.223018], [-75.177398, 6.222897], [-75.177409, 6.22282], [-75.177411, 6.222797], [-75.177585, 6.222605], [-75.17767, 6.222503], [-75.17775, 6.222413], [-75.178061, 6.222001], [-75.178117, 6.221923], [-75.178242, 6.221731], [-75.178347, 6.221537], [-75.178444, 6.221304], [-75.17855, 6.221085], [-75.178625, 6.220903], [-75.17869, 6.220753], [-75.178715, 6.220679], [-75.178769, 6.220504], [-75.178788, 6.220289], [-75.178778, 6.220164], [-75.17878, 6.220059], [-75.178776, 6.219976], [-75.178808, 6.219917], [-75.178875, 6.219889], [-75.178931, 6.219916], [-75.178953, 6.219969], [-75.178962, 6.220033], [-75.178972, 6.220094]], "type": "LineString"}}, {"type": "Feature", "properties": {"day": "fri", "from": "PEN", "to": "H", "km": 84.4, "min": 110}, "geometry": {"coordinates": [[-75.178972, 6.220094], [-75.178962, 6.220033], [-75.178953, 6.219969], [-75.178931, 6.219916], [-75.178875, 6.219889], [-75.178808, 6.219917], [-75.178776, 6.219976], [-75.17878, 6.220059], [-75.178778, 6.220164], [-75.178788, 6.220289], [-75.178769, 6.220504], [-75.178715, 6.220679], [-75.17869, 6.220753], [-75.178625, 6.220903], [-75.17855, 6.221085], [-75.178444, 6.221304], [-75.178347, 6.221537], [-75.178242, 6.221731], [-75.178117, 6.221923], [-75.178061, 6.222001], [-75.17775, 6.222413], [-75.17767, 6.222503], [-75.177585, 6.222605], [-75.177411, 6.222797], [-75.177409, 6.22282], [-75.177398, 6.222897], [-75.177389, 6.223018], [-75.177369, 6.223269], [-75.177355, 6.223504], [-75.177353, 6.223583], [-75.177356, 6.223646], [-75.177366, 6.223688], [-75.177388, 6.223735], [-75.177409, 6.223777], [-75.177443, 6.223829], [-75.17749, 6.22388], [-75.177593, 6.223957], [-75.177764, 6.224069], [-75.17788, 6.224136], [-75.177982, 6.224184], [-75.178051, 6.224202], [-75.178121, 6.224204], [-75.178325, 6.224201], [-75.17841, 6.224205], [-75.178511, 6.224222], [-75.178642, 6.224253], [-75.178774, 6.224293], [-75.178864, 6.224335], [-75.178943, 6.224387], [-75.17904, 6.22446], [-75.179179, 6.224598], [-75.179277, 6.224713], [-75.179425, 6.224859], [-75.179523, 6.224936], [-75.179619, 6.224992], [-75.179716, 6.225029], [-75.179822, 6.225052], [-75.1799, 6.225051], [-75.179998, 6.225049], [-75.179982, 6.224961], [-75.179972, 6.224908], [-75.179973, 6.224821], [-75.179975, 6.224761], [-75.179975, 6.224736], [-75.180018, 6.224601], [-75.180062, 6.224491], [-75.180133, 6.22437], [-75.180209, 6.224248], [-75.180359, 6.224045], [-75.180496, 6.223875], [-75.180719, 6.223626], [-75.180799, 6.223521], [-75.181068, 6.223173], [-75.181192, 6.223006], [-75.181255, 6.222909], [-75.181298, 6.222842], [-75.181377, 6.222652], [-75.181413, 6.222495], [-75.181445, 6.222193], [-75.181482, 6.221904], [-75.181609, 6.220297], [-75.181637, 6.220097], [-75.181677, 6.21994], [-75.181735, 6.219808], [-75.181819, 6.219671], [-75.181919, 6.219568], [-75.182041, 6.21946], [-75.182149, 6.2194], [-75.182222, 6.21937], [-75.182308, 6.219341], [-75.18246, 6.219315], [-75.182598, 6.219318], [-75.182675, 6.219325], [-75.182834, 6.219355], [-75.18298, 6.219426], [-75.183097, 6.219493], [-75.183207, 6.21957], [-75.183282, 6.219652], [-75.183363, 6.219749], [-75.183445, 6.219873], [-75.183592, 6.220198], [-75.18388, 6.220904], [-75.183998, 6.221119], [-75.184115, 6.221281], [-75.184289, 6.221458], [-75.184438, 6.221582], [-75.184643, 6.221696], [-75.18482, 6.221754], [-75.184949, 6.22178], [-75.185104, 6.221791], [-75.185336, 6.221784], [-75.185537, 6.221765], [-75.185743, 6.221703], [-75.185901, 6.22163], [-75.18606, 6.221537], [-75.186388, 6.221272], [-75.187382, 6.220423], [-75.187455, 6.220375], [-75.187565, 6.220299], [-75.187662, 6.220243], [-75.187752, 6.220221], [-75.187797, 6.220213], [-75.187935, 6.220192], [-75.188055, 6.220171], [-75.188155, 6.220157], [-75.188786, 6.220121], [-75.188853, 6.220117], [-75.190356, 6.220057], [-75.190452, 6.220042], [-75.190626, 6.220006], [-75.190759, 6.219966], [-75.190869, 6.219907], [-75.190991, 6.219834], [-75.191108, 6.219738], [-75.191199, 6.219647], [-75.19128, 6.21956], [-75.191358, 6.219451], [-75.191425, 6.219301], [-75.191493, 6.219142], [-75.191509, 6.21897], [-75.191508, 6.218826], [-75.19149, 6.218669], [-75.19146, 6.218522], [-75.19142, 6.218416], [-75.191363, 6.218284], [-75.191275, 6.218106], [-75.191061, 6.217742], [-75.190543, 6.216841], [-75.19019, 6.216132], [-75.190032, 6.215851], [-75.189958, 6.2157], [-75.189906, 6.215532], [-75.189897, 6.2154], [-75.189917, 6.215263], [-75.18996, 6.215138], [-75.190027, 6.215012], [-75.190148, 6.214846], [-75.19033, 6.214552], [-75.190446, 6.21439], [-75.190513, 6.214274], [-75.190577, 6.214163], [-75.190616, 6.214038], [-75.190627, 6.213876], [-75.190576, 6.213681], [-75.190514, 6.21355], [-75.190417, 6.213443], [-75.190296, 6.213317], [-75.190153, 6.213138], [-75.190043, 6.212967], [-75.189963, 6.212853], [-75.189897, 6.212751], [-75.189874, 6.212655], [-75.18986, 6.212541], [-75.189871, 6.212421], [-75.1899, 6.212331], [-75.189928, 6.212237], [-75.189978, 6.212145], [-75.190066, 6.212006], [-75.190167, 6.211907], [-75.190284, 6.21179], [-75.190387, 6.211691], [-75.190518, 6.21154], [-75.190612, 6.211384], [-75.190687, 6.211213], [-75.190737, 6.211065], [-75.190765, 6.210907], [-75.19077, 6.21074], [-75.190753, 6.21055], [-75.190715, 6.210342], [-75.190622, 6.210106], [-75.190512, 6.209901], [-75.190382, 6.209692], [-75.190277, 6.20949], [-75.190241, 6.209334], [-75.190218, 6.209137], [-75.190222, 6.208979], [-75.190281, 6.20882], [-75.190368, 6.208698], [-75.190488, 6.208573], [-75.190636, 6.208426], [-75.190775, 6.208304], [-75.190892, 6.208209], [-75.191, 6.208132], [-75.191195, 6.208024], [-75.192002, 6.207707], [-75.192192, 6.207625], [-75.192295, 6.207565], [-75.192417, 6.207461], [-75.192499, 6.20732], [-75.192544, 6.20718], [-75.192677, 6.206379], [-75.192832, 6.205572], [-75.192857, 6.205487], [-75.192898, 6.205407], [-75.192967, 6.205325], [-75.193065, 6.205237], [-75.193162, 6.205175], [-75.193273, 6.205116], [-75.193388, 6.205083], [-75.193503, 6.20506], [-75.193659, 6.205031], [-75.193871, 6.205007], [-75.194357, 6.204936], [-75.194598, 6.204901], [-75.195169, 6.204838], [-75.196475, 6.204741], [-75.196561, 6.204738], [-75.197026, 6.204668], [-75.197247, 6.20462], [-75.197363, 6.204596], [-75.197485, 6.204542], [-75.197543, 6.204513], [-75.197618, 6.204474], [-75.197788, 6.204335], [-75.197929, 6.204154], [-75.198032, 6.204023], [-75.198361, 6.203691], [-75.198447, 6.203631], [-75.198527, 6.203596], [-75.198616, 6.20357], [-75.198797, 6.203545], [-75.19893, 6.203564], [-75.199087, 6.203619], [-75.199267, 6.203722], [-75.19937, 6.203824], [-75.19945, 6.203954], [-75.199591, 6.204185], [-75.19975, 6.20448], [-75.199824, 6.204595], [-75.199935, 6.204702], [-75.200066, 6.204779], [-75.200263, 6.204848], [-75.200562, 6.204916], [-75.201301, 6.205055], [-75.20152, 6.205026], [-75.201682, 6.204947], [-75.201784, 6.204899], [-75.201866, 6.204839], [-75.202115, 6.204645], [-75.202391, 6.204451], [-75.202462, 6.204405], [-75.202543, 6.204365], [-75.202735, 6.204294], [-75.202874, 6.204277], [-75.203114, 6.204289], [-75.20322, 6.204304], [-75.204984, 6.204598], [-75.205131, 6.204624], [-75.205261, 6.204627], [-75.205477, 6.204581], [-75.205741, 6.204474], [-75.205878, 6.204374], [-75.206209, 6.204119], [-75.206664, 6.203792], [-75.207769, 6.202998], [-75.207876, 6.202927], [-75.208009, 6.202872], [-75.208113, 6.202855], [-75.208195, 6.202849], [-75.208294, 6.202852], [-75.208363, 6.202861], [-75.208439, 6.202882], [-75.208532, 6.202928], [-75.208615, 6.202974], [-75.208723, 6.203056], [-75.208965, 6.203265], [-75.209235, 6.20346], [-75.209494, 6.203655], [-75.209752, 6.203848], [-75.210864, 6.204526], [-75.211109, 6.2047], [-75.211253, 6.204775], [-75.211447, 6.20484], [-75.211849, 6.204917], [-75.212285, 6.204999], [-75.212824, 6.205091], [-75.213329, 6.205162], [-75.213454, 6.205179], [-75.21353, 6.205193], [-75.213573, 6.205203], [-75.213807, 6.205314], [-75.213886, 6.205373], [-75.213947, 6.205442], [-75.21446, 6.206127], [-75.214625, 6.206283], [-75.214768, 6.206345], [-75.214916, 6.206375], [-75.215244, 6.206376], [-75.215538, 6.206383], [-75.215826, 6.206413], [-75.21598, 6.206464], [-75.216152, 6.206543], [-75.216302, 6.206653], [-75.216471, 6.206821], [-75.217123, 6.20745], [-75.21763, 6.207936], [-75.217854, 6.208126], [-75.217988, 6.208212], [-75.218085, 6.208273], [-75.218233, 6.208342], [-75.218473, 6.20839], [-75.218621, 6.208404], [-75.218764, 6.208402], [-75.219023, 6.208378], [-75.219814, 6.208203], [-75.220458, 6.208051], [-75.220815, 6.208001], [-75.22091, 6.208], [-75.221071, 6.208034], [-75.221168, 6.208071], [-75.221285, 6.208156], [-75.221413, 6.20828], [-75.221473, 6.208358], [-75.221542, 6.208543], [-75.221618, 6.209017], [-75.221722, 6.209698], [-75.221777, 6.209932], [-75.221828, 6.21009], [-75.221926, 6.210279], [-75.222102, 6.210484], [-75.222345, 6.210654], [-75.222767, 6.210843], [-75.223296, 6.21105], [-75.223493, 6.211175], [-75.22379, 6.211321], [-75.224145, 6.211539], [-75.22444, 6.21171], [-75.225021, 6.212069], [-75.225168, 6.212158], [-75.225283, 6.212268], [-75.22539, 6.212394], [-75.225529, 6.212596], [-75.225918, 6.213206], [-75.226806, 6.214594], [-75.227648, 6.215946], [-75.227828, 6.216169], [-75.227966, 6.216271], [-75.228101, 6.216332], [-75.228171, 6.216354], [-75.228762, 6.216557], [-75.228849, 6.216587], [-75.229051, 6.216651], [-75.229373, 6.216752], [-75.229803, 6.216869], [-75.229977, 6.216906], [-75.23012, 6.216894], [-75.230149, 6.216914], [-75.230169, 6.216943], [-75.23018, 6.216976], [-75.230106, 6.217052], [-75.229814, 6.21738], [-75.229509, 6.217795], [-75.229339, 6.218024], [-75.229081, 6.218363], [-75.228969, 6.21856], [-75.228878, 6.218725], [-75.228861, 6.218795], [-75.22884, 6.218885], [-75.228829, 6.219008], [-75.228834, 6.219109], [-75.228834, 6.219573], [-75.22885, 6.219648], [-75.228872, 6.219952], [-75.228839, 6.220314], [-75.228748, 6.220554], [-75.228673, 6.220746], [-75.228346, 6.221765], [-75.228158, 6.22233], [-75.22803, 6.222728], [-75.227856, 6.223271], [-75.227649, 6.223791], [-75.227461, 6.224099], [-75.227061, 6.224719], [-75.226999, 6.224862], [-75.226978, 6.224959], [-75.226956, 6.225226], [-75.22694, 6.225604], [-75.226901, 6.226182], [-75.226876, 6.226312], [-75.226825, 6.226447], [-75.22675, 6.226543], [-75.226678, 6.22661], [-75.226439, 6.226748], [-75.226286, 6.226836], [-75.224842, 6.22765], [-75.224672, 6.227793], [-75.224566, 6.22796], [-75.224562, 6.228127], [-75.224639, 6.228309], [-75.22482, 6.228638], [-75.225145, 6.229258], [-75.225438, 6.229773], [-75.225588, 6.22997], [-75.225736, 6.230106], [-75.225856, 6.23017], [-75.225958, 6.230215], [-75.227509, 6.230535], [-75.228437, 6.230658], [-75.228552, 6.230694], [-75.22864, 6.230759], [-75.229037, 6.231292], [-75.229292, 6.231686], [-75.229338, 6.231776], [-75.229359, 6.231872], [-75.229342, 6.232446], [-75.229414, 6.232575], [-75.229515, 6.23268], [-75.229739, 6.232816], [-75.230007, 6.232926], [-75.230253, 6.233027], [-75.231009, 6.233356], [-75.231397, 6.233533], [-75.231553, 6.233594], [-75.23169, 6.233579], [-75.232317, 6.233278], [-75.232463, 6.233218], [-75.232893, 6.233258], [-75.233104, 6.2333], [-75.233193, 6.233293], [-75.233506, 6.233209], [-75.233941, 6.233086], [-75.234196, 6.233121], [-75.234382, 6.233308], [-75.234441, 6.233616], [-75.234232, 6.234688], [-75.233701, 6.235406], [-75.233715, 6.235737], [-75.233861, 6.235983], [-75.234806, 6.23684], [-75.235765, 6.237922], [-75.236014, 6.238191], [-75.236109, 6.238245], [-75.236612, 6.238381], [-75.236883, 6.238626], [-75.237023, 6.23903], [-75.237036, 6.239317], [-75.236973, 6.239518], [-75.236792, 6.239854], [-75.236724, 6.24012], [-75.236725, 6.240286], [-75.236815, 6.240495], [-75.237084, 6.241167], [-75.237239, 6.241636], [-75.237285, 6.242018], [-75.237362, 6.242353], [-75.237542, 6.242802], [-75.237763, 6.243205], [-75.237989, 6.243575], [-75.238228, 6.24386], [-75.238427, 6.243985], [-75.238873, 6.244196], [-75.23935, 6.244401], [-75.239462, 6.244475], [-75.239565, 6.244607], [-75.239794, 6.245023], [-75.239985, 6.245317], [-75.240031, 6.245496], [-75.240008, 6.245627], [-75.23997, 6.245706], [-75.239894, 6.245832], [-75.23979, 6.245933], [-75.239676, 6.246002], [-75.239551, 6.246028], [-75.238331, 6.245946], [-75.237644, 6.24591], [-75.237586, 6.245915], [-75.237532, 6.24593], [-75.237476, 6.245956], [-75.237413, 6.245998], [-75.23735, 6.246053], [-75.236864, 6.246944], [-75.236807, 6.24705], [-75.236523, 6.247656], [-75.236421, 6.247952], [-75.23633, 6.248119], [-75.23625, 6.248178], [-75.236133, 6.248237], [-75.236038, 6.248262], [-75.235916, 6.24825], [-75.235476, 6.248186], [-75.235365, 6.248183], [-75.235264, 6.248211], [-75.235195, 6.248255], [-75.235124, 6.248324], [-75.23496, 6.248578], [-75.23475, 6.249007], [-75.234501, 6.249482], [-75.234239, 6.249943], [-75.234237, 6.249944], [-75.234093, 6.250015], [-75.233852, 6.250147], [-75.233683, 6.250251], [-75.233643, 6.250291], [-75.233595, 6.250394], [-75.23351, 6.250642], [-75.2334, 6.251067], [-75.233326, 6.251451], [-75.233355, 6.251639], [-75.233405, 6.251746], [-75.233456, 6.25183], [-75.233774, 6.252154], [-75.234102, 6.252506], [-75.234159, 6.252624], [-75.234188, 6.25273], [-75.234169, 6.253307], [-75.234223, 6.253751], [-75.234347, 6.254453], [-75.234358, 6.254601], [-75.234311, 6.25475], [-75.234254, 6.254872], [-75.234149, 6.255044], [-75.234045, 6.255238], [-75.233938, 6.255376], [-75.233752, 6.255479], [-75.233509, 6.255528], [-75.23314, 6.255534], [-75.232753, 6.255526], [-75.232626, 6.255579], [-75.232515, 6.255646], [-75.232403, 6.255725], [-75.232337, 6.255838], [-75.232299, 6.255977], [-75.232313, 6.256314], [-75.232347, 6.25652], [-75.232449, 6.256709], [-75.232558, 6.256843], [-75.233021, 6.257258], [-75.233226, 6.257406], [-75.233367, 6.257449], [-75.234016, 6.257458], [-75.234178, 6.257548], [-75.234276, 6.257661], [-75.234333, 6.257814], [-75.234333, 6.257983], [-75.234294, 6.258194], [-75.234234, 6.258351], [-75.234167, 6.25846], [-75.234101, 6.258517], [-75.234004, 6.258557], [-75.233381, 6.258719], [-75.233082, 6.25882], [-75.232938, 6.258885], [-75.232861, 6.258939], [-75.232795, 6.259034], [-75.232754, 6.259152], [-75.232738, 6.259244], [-75.232739, 6.259312], [-75.23275, 6.259593], [-75.232787, 6.259874], [-75.232841, 6.260059], [-75.232909, 6.260191], [-75.233717, 6.260974], [-75.233818, 6.261144], [-75.233894, 6.261314], [-75.233916, 6.261488], [-75.233899, 6.261741], [-75.233885, 6.261854], [-75.233844, 6.262198], [-75.233814, 6.262337], [-75.233756, 6.262436], [-75.232017, 6.263877], [-75.231855, 6.264057], [-75.231802, 6.264177], [-75.231772, 6.264313], [-75.231768, 6.264456], [-75.231937, 6.265076], [-75.231981, 6.26524], [-75.232015, 6.26534], [-75.232652, 6.266872], [-75.232746, 6.267007], [-75.233171, 6.267455], [-75.23334, 6.267705], [-75.233543, 6.268222], [-75.233643, 6.268372], [-75.235401, 6.269741], [-75.235586, 6.269847], [-75.237384, 6.270473], [-75.237561, 6.270558], [-75.238077, 6.270991], [-75.238344, 6.271189], [-75.238449, 6.271208], [-75.238575, 6.271192], [-75.238692, 6.271153], [-75.239075, 6.270844], [-75.239177, 6.270763], [-75.239427, 6.270578], [-75.239538, 6.270525], [-75.239654, 6.270506], [-75.239782, 6.270508], [-75.239926, 6.270551], [-75.240039, 6.270652], [-75.24013, 6.270763], [-75.240634, 6.271723], [-75.240934, 6.272089], [-75.241043, 6.272177], [-75.24183, 6.272524], [-75.241905, 6.272587], [-75.241966, 6.272671], [-75.242005, 6.272793], [-75.242023, 6.272937], [-75.24185, 6.273748], [-75.24184, 6.273807], [-75.241735, 6.27425], [-75.241691, 6.274408], [-75.241611, 6.274502], [-75.241275, 6.274907], [-75.241198, 6.27503], [-75.241176, 6.275175], [-75.241187, 6.275317], [-75.241232, 6.27548], [-75.241309, 6.275672], [-75.241933, 6.277008], [-75.242174, 6.277809], [-75.242261, 6.278168], [-75.242192, 6.278369], [-75.242067, 6.278571], [-75.241882, 6.278643], [-75.241528, 6.278733], [-75.241304, 6.278913], [-75.241218, 6.279123], [-75.241266, 6.279817], [-75.241339, 6.280031], [-75.241498, 6.280189], [-75.241795, 6.280326], [-75.24214, 6.280489], [-75.242756, 6.281863], [-75.242816, 6.282069], [-75.242829, 6.282244], [-75.242739, 6.282446], [-75.242554, 6.282591], [-75.242342, 6.282596], [-75.241963, 6.28251], [-75.24164, 6.282454], [-75.240779, 6.282938], [-75.240652, 6.283266], [-75.240603, 6.283473], [-75.240586, 6.283537], [-75.240458, 6.283649], [-75.239999, 6.283771], [-75.239562, 6.283861], [-75.238884, 6.284034], [-75.238378, 6.284158], [-75.238143, 6.284332], [-75.238047, 6.284447], [-75.237964, 6.284547], [-75.237785, 6.28473], [-75.237846, 6.284881], [-75.237985, 6.285015], [-75.238125, 6.285073], [-75.238368, 6.285002], [-75.238508, 6.284866], [-75.239192, 6.284622], [-75.239803, 6.284276], [-75.240017, 6.284064], [-75.240264, 6.28402], [-75.240576, 6.284054], [-75.240905, 6.284022], [-75.24116, 6.283978], [-75.241236, 6.28401], [-75.241297, 6.284134], [-75.241322, 6.284371], [-75.241427, 6.28451], [-75.241427, 6.284773], [-75.241486, 6.285107], [-75.241567, 6.285427], [-75.241648, 6.285517], [-75.241879, 6.2857], [-75.242095, 6.286107], [-75.242193, 6.286239], [-75.242247, 6.286275], [-75.242303, 6.286273], [-75.242369, 6.286246], [-75.242387, 6.286134], [-75.242308, 6.285758], [-75.24236, 6.285546], [-75.242458, 6.285212], [-75.242431, 6.285098], [-75.242335, 6.284922], [-75.242266, 6.284859], [-75.242237, 6.284751], [-75.242279, 6.284676], [-75.24236, 6.284617], [-75.242519, 6.284659], [-75.242644, 6.284734], [-75.242809, 6.284754], [-75.242953, 6.284703], [-75.243078, 6.284551], [-75.243164, 6.2844], [-75.243245, 6.284144], [-75.243387, 6.284064], [-75.243466, 6.284069], [-75.243586, 6.28412], [-75.243787, 6.284168], [-75.243993, 6.284085], [-75.24417, 6.284146], [-75.244258, 6.284338], [-75.244247, 6.28463], [-75.244353, 6.284782], [-75.244506, 6.284854], [-75.244683, 6.284847], [-75.245073, 6.284618], [-75.245202, 6.284642], [-75.245388, 6.284806], [-75.245581, 6.285195], [-75.245734, 6.285265], [-75.246076, 6.285338], [-75.246206, 6.285419], [-75.246356, 6.285639], [-75.246577, 6.285888], [-75.246773, 6.286078], [-75.246822, 6.286234], [-75.246768, 6.286351], [-75.24665, 6.286512], [-75.246626, 6.286644], [-75.246719, 6.286883], [-75.24695, 6.287136], [-75.247215, 6.287102], [-75.247416, 6.287078], [-75.247794, 6.287273], [-75.247956, 6.287634], [-75.248348, 6.28818], [-75.248456, 6.288443], [-75.248554, 6.28876], [-75.24876, 6.289092], [-75.248696, 6.289331], [-75.248392, 6.289843], [-75.24823, 6.290145], [-75.248152, 6.29097], [-75.248162, 6.29115], [-75.248431, 6.29153], [-75.248638, 6.291711], [-75.249059, 6.291847], [-75.249374, 6.292082], [-75.249688, 6.292218], [-75.2498, 6.292364], [-75.249918, 6.292716], [-75.2501, 6.292964], [-75.250242, 6.293169], [-75.250468, 6.293374], [-75.25062, 6.293564], [-75.250625, 6.293827], [-75.25059, 6.293988], [-75.25061, 6.294159], [-75.250688, 6.294247], [-75.250816, 6.294364], [-75.250934, 6.29452], [-75.250953, 6.294744], [-75.251076, 6.294896], [-75.251209, 6.294915], [-75.251326, 6.294866], [-75.251385, 6.294788], [-75.251389, 6.294732], [-75.2514, 6.294564], [-75.251464, 6.294486], [-75.251586, 6.294408], [-75.251871, 6.294208], [-75.252165, 6.294174], [-75.252371, 6.29413], [-75.252455, 6.294023], [-75.252499, 6.293866], [-75.252465, 6.293491], [-75.252533, 6.29334], [-75.252641, 6.293262], [-75.253274, 6.29312], [-75.253431, 6.293179], [-75.253637, 6.293296], [-75.253853, 6.293325], [-75.254064, 6.293325], [-75.254221, 6.293413], [-75.254339, 6.293564], [-75.254476, 6.293832], [-75.254702, 6.294091], [-75.254795, 6.294418], [-75.254923, 6.294764], [-75.255031, 6.294847], [-75.255345, 6.294978], [-75.256184, 6.29531], [-75.2564, 6.295393], [-75.256517, 6.295398], [-75.256616, 6.295271], [-75.256724, 6.295013], [-75.256998, 6.294593], [-75.257126, 6.294452], [-75.257204, 6.294335], [-75.257224, 6.294018], [-75.257322, 6.293896], [-75.257538, 6.293793], [-75.257872, 6.293569], [-75.258014, 6.293491], [-75.258156, 6.293525], [-75.258343, 6.293681], [-75.258647, 6.293852], [-75.258848, 6.293906], [-75.259092, 6.293853], [-75.259187, 6.293832], [-75.259403, 6.293881], [-75.259852, 6.294026], [-75.260029, 6.293976], [-75.260171, 6.293908], [-75.260312, 6.293885], [-75.261184, 6.29413], [-75.261753, 6.29433], [-75.262037, 6.294491], [-75.262175, 6.294715], [-75.262302, 6.294881], [-75.26243, 6.29493], [-75.262719, 6.294866], [-75.262945, 6.294671], [-75.263117, 6.294613], [-75.263519, 6.294769], [-75.263706, 6.294715], [-75.263926, 6.294603], [-75.264088, 6.294622], [-75.264294, 6.294978], [-75.264692, 6.295359], [-75.264947, 6.295417], [-75.2656, 6.295378], [-75.26582, 6.29532], [-75.265977, 6.295232], [-75.2661, 6.295076], [-75.266149, 6.294793], [-75.266237, 6.294564], [-75.266331, 6.294515], [-75.266547, 6.294579], [-75.266924, 6.294842], [-75.26715, 6.294974], [-75.267241, 6.295], [-75.267498, 6.294954], [-75.267643, 6.294905], [-75.267739, 6.29481], [-75.267785, 6.294586], [-75.267893, 6.294461], [-75.268023, 6.294435], [-75.268389, 6.29453], [-75.26859, 6.294588], [-75.268718, 6.294618], [-75.268879, 6.294587], [-75.269887, 6.294109], [-75.270874, 6.293904], [-75.271189, 6.293721], [-75.272021, 6.29281], [-75.272177, 6.292565], [-75.272343, 6.292391], [-75.273203, 6.29187], [-75.27378, 6.291801], [-75.274007, 6.291774], [-75.274623, 6.291843], [-75.275036, 6.291986], [-75.275231, 6.292018], [-75.275427, 6.291925], [-75.275658, 6.291804], [-75.275727, 6.291623], [-75.275731, 6.291361], [-75.275746, 6.291264], [-75.275829, 6.291205], [-75.275967, 6.291254], [-75.276038, 6.291441], [-75.276314, 6.291689], [-75.276365, 6.291896], [-75.276448, 6.292018], [-75.276711, 6.292201], [-75.277085, 6.292402], [-75.277312, 6.29234], [-75.277602, 6.292168], [-75.277834, 6.291831], [-75.277955, 6.291712], [-75.278329, 6.291429], [-75.278694, 6.291152], [-75.278823, 6.291126], [-75.27891, 6.291138], [-75.279122, 6.291201], [-75.279236, 6.29121], [-75.279333, 6.291198], [-75.279578, 6.291083], [-75.279831, 6.291013], [-75.280005, 6.290941], [-75.28008, 6.290931], [-75.280149, 6.29096], [-75.280187, 6.290995], [-75.280231, 6.291069], [-75.280288, 6.291382], [-75.280327, 6.291439], [-75.280398, 6.291482], [-75.280808, 6.291565], [-75.280958, 6.291566], [-75.281283, 6.291629], [-75.281427, 6.291629], [-75.281585, 6.291572], [-75.281862, 6.291329], [-75.282127, 6.291059], [-75.282428, 6.29064], [-75.282526, 6.290586], [-75.282849, 6.290542], [-75.282917, 6.290522], [-75.283002, 6.290475], [-75.283051, 6.290414], [-75.283112, 6.290266], [-75.283127, 6.290207], [-75.28311, 6.290004], [-75.283118, 6.289872], [-75.283141, 6.289826], [-75.283189, 6.289781], [-75.283409, 6.289698], [-75.283507, 6.289637], [-75.283762, 6.289406], [-75.283923, 6.289315], [-75.284052, 6.289268], [-75.284201, 6.289255], [-75.284312, 6.289288], [-75.284417, 6.289352], [-75.28453, 6.289611], [-75.284581, 6.289729], [-75.284631, 6.289779], [-75.284742, 6.289833], [-75.284829, 6.289836], [-75.284991, 6.289793], [-75.28514, 6.289772], [-75.285886, 6.289741], [-75.286188, 6.289767], [-75.286266, 6.289785], [-75.28633, 6.289827], [-75.286361, 6.289869], [-75.286402, 6.290004], [-75.286399, 6.290269], [-75.28641, 6.290409], [-75.286446, 6.290592], [-75.286475, 6.290675], [-75.28657, 6.290843], [-75.286608, 6.29095], [-75.286636, 6.291278], [-75.286672, 6.291388], [-75.286751, 6.291495], [-75.286802, 6.291524], [-75.286999, 6.291556], [-75.287165, 6.291489], [-75.287282, 6.291411], [-75.287358, 6.291335], [-75.287524, 6.291094], [-75.287701, 6.290957], [-75.287956, 6.29068], [-75.288192, 6.290464], [-75.288358, 6.290335], [-75.288451, 6.290294], [-75.288615, 6.290249], [-75.288694, 6.290248], [-75.288874, 6.290299], [-75.289067, 6.290282], [-75.289763, 6.290021], [-75.289993, 6.290006], [-75.290102, 6.289998], [-75.290273, 6.290084], [-75.290421, 6.290097], [-75.290564, 6.290068], [-75.290646, 6.290035], [-75.290802, 6.289926], [-75.290882, 6.289872], [-75.291011, 6.289844], [-75.291115, 6.289852], [-75.291356, 6.289916], [-75.291452, 6.289924], [-75.291619, 6.289909], [-75.292005, 6.289845], [-75.292098, 6.289812], [-75.29238, 6.289639], [-75.292741, 6.289455], [-75.292801, 6.289405], [-75.292837, 6.289357], [-75.292883, 6.289225], [-75.292908, 6.288987], [-75.292873, 6.288774], [-75.29289, 6.288614], [-75.292918, 6.288549], [-75.292996, 6.288454], [-75.293181, 6.288293], [-75.293398, 6.288064], [-75.293716, 6.287549], [-75.293902, 6.287169], [-75.294021, 6.287051], [-75.294304, 6.286881], [-75.294433, 6.286771], [-75.294476, 6.286611], [-75.294521, 6.286237], [-75.294519, 6.286078], [-75.294501, 6.285992], [-75.294446, 6.285843], [-75.294307, 6.285563], [-75.29425, 6.285387], [-75.294134, 6.285111], [-75.294109, 6.284964], [-75.2941, 6.284561], [-75.294039, 6.284463], [-75.293727, 6.284149], [-75.293695, 6.284086], [-75.293687, 6.284018], [-75.293737, 6.283833], [-75.293798, 6.28374], [-75.293915, 6.283652], [-75.294113, 6.283576], [-75.294283, 6.283548], [-75.294405, 6.283565], [-75.294486, 6.2836], [-75.294581, 6.283678], [-75.294668, 6.28378], [-75.29474, 6.28383], [-75.294807, 6.283839], [-75.294868, 6.283813], [-75.29532, 6.283372], [-75.29537, 6.283336], [-75.295453, 6.283322], [-75.295576, 6.283353], [-75.295666, 6.283378], [-75.2961, 6.283569], [-75.296374, 6.283652], [-75.296483, 6.283646], [-75.296682, 6.283588], [-75.296835, 6.283516], [-75.296906, 6.283451], [-75.296993, 6.28331], [-75.297061, 6.28311], [-75.297141, 6.282953], [-75.297291, 6.282792], [-75.297365, 6.282633], [-75.29745, 6.281995], [-75.297478, 6.281578], [-75.297492, 6.28148], [-75.297553, 6.281305], [-75.297755, 6.281031], [-75.298138, 6.280756], [-75.298653, 6.280396], [-75.298935, 6.280271], [-75.299132, 6.280213], [-75.29926, 6.280238], [-75.299368, 6.280302], [-75.299637, 6.280481], [-75.299942, 6.280509], [-75.300178, 6.280577], [-75.30032, 6.280568], [-75.300462, 6.28052], [-75.30075, 6.280377], [-75.300816, 6.280359], [-75.300882, 6.280369], [-75.300924, 6.280396], [-75.300974, 6.280469], [-75.301025, 6.280652], [-75.301105, 6.280819], [-75.301223, 6.280988], [-75.301536, 6.281329], [-75.301671, 6.281506], [-75.301723, 6.281549], [-75.301785, 6.281571], [-75.301972, 6.281572], [-75.302138, 6.281552], [-75.302282, 6.281507], [-75.302571, 6.281387], [-75.302859, 6.281325], [-75.303325, 6.281285], [-75.303392, 6.281311], [-75.303458, 6.281366], [-75.303491, 6.281436], [-75.303551, 6.281639], [-75.30365, 6.281827], [-75.303722, 6.282026], [-75.303787, 6.282274], [-75.304015, 6.282705], [-75.304049, 6.282795], [-75.304077, 6.282934], [-75.304082, 6.283032], [-75.304045, 6.283204], [-75.303954, 6.283413], [-75.303852, 6.283546], [-75.303797, 6.283656], [-75.30378, 6.283787], [-75.303792, 6.283847], [-75.303831, 6.283913], [-75.304055, 6.284179], [-75.304205, 6.284405], [-75.304423, 6.284734], [-75.304548, 6.284818], [-75.304746, 6.284903], [-75.30489, 6.284947], [-75.305012, 6.284949], [-75.305195, 6.284917], [-75.305369, 6.28485], [-75.305446, 6.284792], [-75.305567, 6.28462], [-75.305661, 6.284528], [-75.305751, 6.284472], [-75.305889, 6.284439], [-75.306001, 6.28445], [-75.306066, 6.284479], [-75.306478, 6.284744], [-75.306578, 6.284782], [-75.306778, 6.284857], [-75.306838, 6.284893], [-75.30695, 6.285048], [-75.307036, 6.285137], [-75.30718, 6.285241], [-75.307346, 6.285289], [-75.307627, 6.285417], [-75.307784, 6.285447], [-75.307982, 6.285418], [-75.30806, 6.285407], [-75.308216, 6.285373], [-75.308485, 6.285284], [-75.308862, 6.285193], [-75.30898, 6.285154], [-75.309064, 6.285089], [-75.309123, 6.284991], [-75.309207, 6.284768], [-75.30922, 6.284571], [-75.309205, 6.284269], [-75.309226, 6.284185], [-75.309313, 6.284006], [-75.309517, 6.28374], [-75.309634, 6.283642], [-75.309994, 6.283428], [-75.310194, 6.283249], [-75.310537, 6.282863], [-75.310591, 6.282817], [-75.310748, 6.282831], [-75.311072, 6.282952], [-75.31139, 6.282915], [-75.311553, 6.282816], [-75.311812, 6.282714], [-75.311927, 6.282704], [-75.31211, 6.282832], [-75.312302, 6.28296], [-75.312471, 6.283263], [-75.312541, 6.283431], [-75.312653, 6.283581], [-75.312775, 6.283632], [-75.312844, 6.283641], [-75.313103, 6.283676], [-75.313371, 6.283656], [-75.313499, 6.283605], [-75.313603, 6.283454], [-75.313645, 6.283424], [-75.313712, 6.283403], [-75.313773, 6.283401], [-75.313898, 6.283451], [-75.314031, 6.283462], [-75.314171, 6.283419], [-75.314425, 6.283401], [-75.314511, 6.283412], [-75.314627, 6.283466], [-75.314682, 6.283523], [-75.314738, 6.283623], [-75.314771, 6.283724], [-75.314838, 6.284029], [-75.31488, 6.284107], [-75.314919, 6.284137], [-75.314994, 6.284154], [-75.315216, 6.284132], [-75.315379, 6.284044], [-75.315534, 6.283908], [-75.315662, 6.283834], [-75.315779, 6.283799], [-75.315885, 6.283789], [-75.315965, 6.283794], [-75.316421, 6.283835], [-75.316613, 6.283912], [-75.316842, 6.284008], [-75.317114, 6.284123], [-75.317395, 6.284178], [-75.317695, 6.284186], [-75.317822, 6.284229], [-75.317867, 6.284282], [-75.317971, 6.284464], [-75.318056, 6.284542], [-75.318524, 6.284823], [-75.318776, 6.284864], [-75.318939, 6.284909], [-75.319199, 6.284907], [-75.319273, 6.284934], [-75.319324, 6.28498], [-75.319393, 6.285101], [-75.319474, 6.285307], [-75.319537, 6.285415], [-75.319801, 6.285727], [-75.319899, 6.285815], [-75.319995, 6.285856], [-75.320066, 6.285854], [-75.320142, 6.285803], [-75.320182, 6.285688], [-75.32022, 6.285469], [-75.320331, 6.285093], [-75.320369, 6.285036], [-75.320427, 6.285], [-75.320544, 6.284964], [-75.320672, 6.284956], [-75.321006, 6.284999], [-75.321524, 6.285033], [-75.32161, 6.285015], [-75.321922, 6.284744], [-75.321967, 6.284518], [-75.321963, 6.284412], [-75.321923, 6.284329], [-75.321628, 6.284022], [-75.32161, 6.283986], [-75.321614, 6.283929], [-75.321721, 6.283708], [-75.321753, 6.283557], [-75.321742, 6.283393], [-75.321748, 6.283257], [-75.321772, 6.283146], [-75.321786, 6.283067], [-75.321776, 6.283026], [-75.321618, 6.282754], [-75.321611, 6.282703], [-75.321667, 6.282549], [-75.321824, 6.282335], [-75.321938, 6.282225], [-75.322089, 6.282198], [-75.322452, 6.282188], [-75.322776, 6.282257], [-75.323041, 6.282364], [-75.323502, 6.282696], [-75.323679, 6.282744], [-75.324157, 6.282773], [-75.324502, 6.282954], [-75.324808, 6.283074], [-75.324979, 6.283054], [-75.325097, 6.283007], [-75.325227, 6.282989], [-75.325352, 6.282977], [-75.325465, 6.282998], [-75.325668, 6.283158], [-75.325924, 6.283383], [-75.326042, 6.283364], [-75.326101, 6.283266], [-75.326027, 6.282892], [-75.326078, 6.28274], [-75.326166, 6.282642], [-75.326368, 6.282515], [-75.326583, 6.282411], [-75.326729, 6.282316], [-75.326831, 6.282198], [-75.326941, 6.282074], [-75.327022, 6.282004], [-75.327088, 6.282003], [-75.327158, 6.282023], [-75.32731, 6.282164], [-75.327499, 6.282322], [-75.327564, 6.28237], [-75.327931, 6.282491], [-75.328025, 6.282479], [-75.328126, 6.282431], [-75.328247, 6.282318], [-75.328308, 6.282224], [-75.328374, 6.282071], [-75.328396, 6.282019], [-75.328443, 6.281888], [-75.328508, 6.281816], [-75.328582, 6.281792], [-75.32863, 6.281816], [-75.32866, 6.281891], [-75.328656, 6.281962], [-75.328664, 6.282116], [-75.328717, 6.282238], [-75.328839, 6.282533], [-75.328917, 6.282596], [-75.328997, 6.282601], [-75.329128, 6.282533], [-75.329239, 6.282412], [-75.32935, 6.2822], [-75.329391, 6.282109], [-75.329445, 6.282001], [-75.329453, 6.281984], [-75.32952, 6.281949], [-75.329617, 6.281945], [-75.329706, 6.281964], [-75.33019, 6.282188], [-75.330287, 6.282165], [-75.330385, 6.282116], [-75.33043, 6.282069], [-75.330585, 6.281767], [-75.330842, 6.281491], [-75.331586, 6.280673], [-75.33163, 6.280597], [-75.331676, 6.280481], [-75.331716, 6.280349], [-75.331721, 6.280331], [-75.331779, 6.280138], [-75.331837, 6.280076], [-75.331953, 6.279959], [-75.332054, 6.280048], [-75.332122, 6.280106], [-75.332141, 6.280119], [-75.332249, 6.280198], [-75.332525, 6.280507], [-75.332643, 6.280596], [-75.33267, 6.280631], [-75.332689, 6.280684], [-75.3327, 6.280806], [-75.332722, 6.280855], [-75.332755, 6.280891], [-75.332827, 6.28093], [-75.332887, 6.28094], [-75.332955, 6.280923], [-75.333022, 6.280903], [-75.333088, 6.280882], [-75.333154, 6.28086], [-75.333231, 6.280795], [-75.333282, 6.280734], [-75.333312, 6.280686], [-75.333337, 6.280634], [-75.333356, 6.280577], [-75.333368, 6.280518], [-75.333373, 6.280459], [-75.333374, 6.280145], [-75.333383, 6.28011], [-75.3334, 6.280077], [-75.333422, 6.280048], [-75.33345, 6.280024], [-75.333481, 6.280005], [-75.333518, 6.279992], [-75.333556, 6.279987], [-75.333595, 6.27999], [-75.333665, 6.279999], [-75.333787, 6.280039], [-75.333887, 6.280038], [-75.333975, 6.279987], [-75.334027, 6.279895], [-75.334098, 6.27965], [-75.334143, 6.279566], [-75.3342, 6.279497], [-75.334295, 6.279437], [-75.334422, 6.279386], [-75.334553, 6.279356], [-75.334672, 6.279338], [-75.335058, 6.279319], [-75.335111, 6.279313], [-75.335163, 6.279298], [-75.335211, 6.279275], [-75.335256, 6.279245], [-75.335289, 6.279214], [-75.335318, 6.279178], [-75.335342, 6.279139], [-75.33536, 6.279098], [-75.335378, 6.279054], [-75.335421, 6.278933], [-75.335454, 6.278723], [-75.335478, 6.278605], [-75.335514, 6.278523], [-75.335626, 6.278414], [-75.335989, 6.278034], [-75.336016, 6.277982], [-75.336036, 6.277911], [-75.336036, 6.277761], [-75.33603, 6.277592], [-75.33602, 6.277418], [-75.336004, 6.27729], [-75.335985, 6.277205], [-75.33589, 6.27701], [-75.335662, 6.276561], [-75.335592, 6.276473], [-75.335476, 6.276388], [-75.335303, 6.276327], [-75.335105, 6.276281], [-75.334946, 6.276211], [-75.334868, 6.276135], [-75.334831, 6.276074], [-75.334779, 6.275988], [-75.334727, 6.275871], [-75.334648, 6.275778], [-75.334532, 6.275679], [-75.334444, 6.275622], [-75.334407, 6.275594], [-75.334375, 6.275565], [-75.334346, 6.275541], [-75.334308, 6.275501], [-75.334281, 6.275454], [-75.334251, 6.275399], [-75.334218, 6.275351], [-75.334205, 6.275213], [-75.334213, 6.27487], [-75.33425, 6.274572], [-75.334295, 6.274437], [-75.334354, 6.27424], [-75.334425, 6.274033], [-75.334449, 6.273962], [-75.334491, 6.273872], [-75.334562, 6.273795], [-75.334629, 6.273756], [-75.334718, 6.273744], [-75.33525, 6.273776], [-75.335432, 6.273751], [-75.335715, 6.273687], [-75.336117, 6.273514], [-75.336437, 6.273351], [-75.336567, 6.27326], [-75.33672, 6.273121], [-75.336827, 6.273033], [-75.336897, 6.272953], [-75.336951, 6.272859], [-75.336964, 6.27277], [-75.336953, 6.272687], [-75.336912, 6.272604], [-75.336834, 6.272496], [-75.336693, 6.272369], [-75.336627, 6.272264], [-75.336591, 6.272151], [-75.336575, 6.271973], [-75.336583, 6.271806], [-75.33662, 6.271661], [-75.336758, 6.271415], [-75.336925, 6.271203], [-75.337149, 6.270869], [-75.337186, 6.270832], [-75.337285, 6.270753], [-75.337438, 6.270688], [-75.337665, 6.270661], [-75.337879, 6.270642], [-75.338084, 6.270561], [-75.338308, 6.270409], [-75.338509, 6.270251], [-75.338785, 6.26978], [-75.339032, 6.269506], [-75.339097, 6.269395], [-75.339126, 6.269293], [-75.339202, 6.268843], [-75.339212, 6.268451], [-75.339235, 6.268346], [-75.339184, 6.26797], [-75.339192, 6.267883], [-75.339241, 6.267761], [-75.339318, 6.267664], [-75.339385, 6.267611], [-75.339624, 6.267481], [-75.339827, 6.267386], [-75.339927, 6.267366], [-75.340107, 6.267368], [-75.340268, 6.267346], [-75.340449, 6.267248], [-75.340631, 6.267058], [-75.340678, 6.26703], [-75.340727, 6.267014], [-75.340967, 6.266998], [-75.341174, 6.266983], [-75.341342, 6.267034], [-75.341429, 6.267079], [-75.342066, 6.267536], [-75.342184, 6.267596], [-75.342322, 6.267611], [-75.342433, 6.267595], [-75.342512, 6.267564], [-75.342614, 6.267496], [-75.342799, 6.267333], [-75.343283, 6.26672], [-75.343513, 6.266498], [-75.343629, 6.266449], [-75.343827, 6.266408], [-75.344063, 6.266396], [-75.344384, 6.266407], [-75.344506, 6.266387], [-75.34475, 6.266318], [-75.344984, 6.266269], [-75.345022, 6.266242], [-75.345048, 6.266205], [-75.345071, 6.266099], [-75.345075, 6.266027], [-75.345062, 6.265952], [-75.344958, 6.265501], [-75.34494, 6.265438], [-75.344899, 6.265383], [-75.344792, 6.265289], [-75.344643, 6.26521], [-75.344538, 6.26513], [-75.344483, 6.265041], [-75.344462, 6.264973], [-75.344449, 6.26485], [-75.344524, 6.264498], [-75.344516, 6.264404], [-75.344494, 6.264311], [-75.34446, 6.264227], [-75.344408, 6.264145], [-75.344361, 6.264106], [-75.34429, 6.264077], [-75.344124, 6.264058], [-75.343972, 6.264014], [-75.343846, 6.263949], [-75.34376, 6.263869], [-75.343743, 6.263798], [-75.343761, 6.263723], [-75.343796, 6.26366], [-75.343854, 6.263593], [-75.343926, 6.263542], [-75.344102, 6.263458], [-75.344476, 6.263364], [-75.344546, 6.263316], [-75.344672, 6.263148], [-75.344722, 6.263029], [-75.344712, 6.262967], [-75.344662, 6.26291], [-75.344588, 6.262901], [-75.344395, 6.262944], [-75.344219, 6.262957], [-75.344096, 6.262923], [-75.343768, 6.262724], [-75.343687, 6.262647], [-75.343634, 6.262557], [-75.343611, 6.262473], [-75.343608, 6.262135], [-75.343621, 6.262059], [-75.343687, 6.261945], [-75.34376, 6.261869], [-75.344357, 6.261495], [-75.344447, 6.261462], [-75.344596, 6.26146], [-75.344652, 6.261482], [-75.344734, 6.261572], [-75.344751, 6.261638], [-75.344734, 6.261722], [-75.344661, 6.261821], [-75.344553, 6.261911], [-75.344479, 6.261999], [-75.344454, 6.262063], [-75.344454, 6.262157], [-75.344475, 6.262214], [-75.344545, 6.262287], [-75.344622, 6.262299], [-75.3447, 6.26225], [-75.344743, 6.262176], [-75.344789, 6.262036], [-75.344861, 6.261908], [-75.345131, 6.261622], [-75.345261, 6.261528], [-75.345548, 6.261432], [-75.345616, 6.261368], [-75.345645, 6.261296], [-75.345647, 6.261228], [-75.34562, 6.261168], [-75.345579, 6.261126], [-75.345402, 6.26101], [-75.34532, 6.260931], [-75.345287, 6.260853], [-75.34529, 6.26063], [-75.345349, 6.260232], [-75.345366, 6.259934], [-75.345398, 6.259809], [-75.345425, 6.259754], [-75.345469, 6.259695], [-75.34554, 6.259612], [-75.345612, 6.259561], [-75.345769, 6.259468], [-75.346012, 6.259385], [-75.346283, 6.259269], [-75.346716, 6.259165], [-75.346808, 6.259127], [-75.346897, 6.259062], [-75.347112, 6.258882], [-75.347221, 6.258813], [-75.34746, 6.258734], [-75.347543, 6.258674], [-75.347599, 6.258599], [-75.347618, 6.258542], [-75.347614, 6.258455], [-75.347596, 6.258362], [-75.34752, 6.258092], [-75.347503, 6.257971], [-75.347512, 6.257868], [-75.347549, 6.257751], [-75.34761, 6.257645], [-75.347737, 6.257492], [-75.347932, 6.257181], [-75.348173, 6.256885], [-75.348559, 6.256494], [-75.348672, 6.256388], [-75.348809, 6.256292], [-75.348893, 6.256259], [-75.348971, 6.25624], [-75.349095, 6.25623], [-75.349273, 6.256258], [-75.349531, 6.25637], [-75.349727, 6.256461], [-75.349857, 6.2565], [-75.350036, 6.256495], [-75.350157, 6.256434], [-75.350257, 6.256352], [-75.350343, 6.256246], [-75.350425, 6.256142], [-75.350547, 6.255991], [-75.350589, 6.255928], [-75.350634, 6.255894], [-75.350677, 6.255877], [-75.35074, 6.255875], [-75.350791, 6.255891], [-75.350848, 6.255922], [-75.351125, 6.256084], [-75.3512, 6.256107], [-75.351273, 6.256119], [-75.351333, 6.256118], [-75.351386, 6.256109], [-75.351935, 6.256004], [-75.352013, 6.25598], [-75.352111, 6.255934], [-75.352184, 6.255887], [-75.352556, 6.255645], [-75.352699, 6.255574], [-75.352852, 6.255508], [-75.352994, 6.255476], [-75.354076, 6.255445], [-75.354429, 6.255433], [-75.354581, 6.255407], [-75.354711, 6.255358], [-75.354921, 6.255249], [-75.35529, 6.255071], [-75.355754, 6.254788], [-75.35597, 6.254648], [-75.356276, 6.254416], [-75.356437, 6.254262], [-75.356512, 6.254144], [-75.356557, 6.253989], [-75.356694, 6.253709], [-75.356813, 6.253491], [-75.356975, 6.253296], [-75.35708, 6.253201], [-75.357263, 6.253076], [-75.357334, 6.253065], [-75.357647, 6.252965], [-75.357757, 6.25288], [-75.357826, 6.252786], [-75.358055, 6.252129], [-75.358345, 6.251508], [-75.358454, 6.251376], [-75.358559, 6.251266], [-75.358921, 6.250941], [-75.359083, 6.250828], [-75.359151, 6.250801], [-75.359284, 6.250773], [-75.359542, 6.250778], [-75.360091, 6.250964], [-75.360247, 6.250996], [-75.360389, 6.251009], [-75.360675, 6.251003], [-75.360819, 6.250978], [-75.360884, 6.250952], [-75.361047, 6.250848], [-75.361364, 6.250565], [-75.361559, 6.250338], [-75.361742, 6.250201], [-75.36188, 6.250149], [-75.362157, 6.250083], [-75.362246, 6.250025], [-75.36258, 6.249754], [-75.362857, 6.249601], [-75.36296, 6.249559], [-75.363112, 6.249542], [-75.363251, 6.249558], [-75.363692, 6.249717], [-75.363816, 6.249733], [-75.363984, 6.249719], [-75.3642, 6.249663], [-75.364576, 6.249505], [-75.36477, 6.249376], [-75.364812, 6.249275], [-75.364875, 6.249104], [-75.365111, 6.248542], [-75.365198, 6.248402], [-75.365358, 6.248215], [-75.366113, 6.247613], [-75.366199, 6.247515], [-75.366254, 6.247397], [-75.366261, 6.247328], [-75.366246, 6.247181], [-75.366168, 6.247003], [-75.366089, 6.2469], [-75.365897, 6.246741], [-75.365819, 6.246638], [-75.36578, 6.246513], [-75.365786, 6.246444], [-75.365838, 6.246353], [-75.365893, 6.246308], [-75.366072, 6.246213], [-75.366198, 6.246119], [-75.366345, 6.245888], [-75.366541, 6.245488], [-75.366562, 6.245352], [-75.366559, 6.245258], [-75.366497, 6.244688], [-75.366529, 6.244394], [-75.366586, 6.244193], [-75.366669, 6.243775], [-75.366669, 6.243555], [-75.366686, 6.243409], [-75.366746, 6.243233], [-75.36679, 6.243157], [-75.366817, 6.243125], [-75.366876, 6.243055], [-75.367431, 6.242516], [-75.36769, 6.242236], [-75.368016, 6.2419], [-75.368341, 6.241531], [-75.368542, 6.241308], [-75.368634, 6.241223], [-75.368741, 6.241147], [-75.369242, 6.24084], [-75.369309, 6.24081], [-75.36938, 6.240803], [-75.369469, 6.240806], [-75.369815, 6.240894], [-75.369928, 6.2409], [-75.370096, 6.24087], [-75.37017, 6.240843], [-75.370378, 6.240715], [-75.370866, 6.240333], [-75.371009, 6.240258], [-75.371151, 6.240236], [-75.371234, 6.24024], [-75.371314, 6.240272], [-75.371412, 6.240345], [-75.371532, 6.240492], [-75.371608, 6.240559], [-75.371661, 6.240588], [-75.371816, 6.240625], [-75.371909, 6.240622], [-75.372024, 6.240572], [-75.372099, 6.240502], [-75.372291, 6.240126], [-75.372342, 6.240061], [-75.372576, 6.239892], [-75.373271, 6.239508], [-75.373482, 6.239424], [-75.37356, 6.239421], [-75.37367, 6.239447], [-75.373807, 6.239503], [-75.373924, 6.239519], [-75.374042, 6.239499], [-75.374162, 6.239446], [-75.374319, 6.239282], [-75.3745, 6.239156], [-75.374825, 6.238987], [-75.374942, 6.238895], [-75.37515, 6.23871], [-75.375315, 6.238528], [-75.375406, 6.238364], [-75.375457, 6.238197], [-75.375483, 6.238001], [-75.375517, 6.237808], [-75.37565, 6.237547], [-75.375779, 6.237364], [-75.375835, 6.237337], [-75.375873, 6.237324], [-75.375956, 6.237306], [-75.37624, 6.237258], [-75.37632, 6.237233], [-75.376446, 6.237191], [-75.376852, 6.236981], [-75.376955, 6.236905], [-75.377041, 6.236779], [-75.377084, 6.236667], [-75.377103, 6.236527], [-75.377159, 6.236095], [-75.377224, 6.23567], [-75.377238, 6.235535], [-75.377246, 6.235346], [-75.377181, 6.234889], [-75.377181, 6.234719], [-75.377206, 6.234562], [-75.377236, 6.234469], [-75.377378, 6.234116], [-75.37745, 6.233984], [-75.377592, 6.233814], [-75.377881, 6.233544], [-75.378002, 6.233468], [-75.378117, 6.233425], [-75.378292, 6.233392], [-75.378583, 6.23335], [-75.378704, 6.233319], [-75.378932, 6.233211], [-75.379041, 6.233147], [-75.379219, 6.233016], [-75.37957, 6.23266], [-75.379682, 6.232526], [-75.379846, 6.232414], [-75.37998, 6.232343], [-75.380128, 6.232284], [-75.380321, 6.232216], [-75.380488, 6.232181], [-75.380613, 6.232175], [-75.381058, 6.232273], [-75.38119, 6.232278], [-75.381345, 6.232264], [-75.381493, 6.232225], [-75.382422, 6.231867], [-75.382542, 6.231837], [-75.382693, 6.231826], [-75.382841, 6.231851], [-75.383038, 6.231931], [-75.383425, 6.232127], [-75.384261, 6.232654], [-75.384566, 6.232846], [-75.384704, 6.232939], [-75.38489, 6.233011], [-75.385053, 6.233043], [-75.385201, 6.233046], [-75.38539, 6.233022], [-75.385877, 6.232863], [-75.385994, 6.232792], [-75.386045, 6.232721], [-75.386068, 6.232635], [-75.386077, 6.232471], [-75.386068, 6.2323], [-75.386067, 6.232113], [-75.386071, 6.23204], [-75.386093, 6.231814], [-75.386112, 6.231719], [-75.386147, 6.231598], [-75.386312, 6.23128], [-75.386332, 6.231214], [-75.386336, 6.231131], [-75.386309, 6.231021], [-75.386257, 6.23087], [-75.386087, 6.230222], [-75.385963, 6.229911], [-75.385931, 6.229781], [-75.385921, 6.229649], [-75.385938, 6.229539], [-75.386036, 6.229214], [-75.386349, 6.228491], [-75.386377, 6.228384], [-75.386423, 6.228139], [-75.386456, 6.227679], [-75.38649, 6.227558], [-75.386562, 6.227428], [-75.386616, 6.227369], [-75.386707, 6.227285], [-75.386876, 6.227158], [-75.387037, 6.227067], [-75.387219, 6.226985], [-75.387413, 6.226929], [-75.388056, 6.226791], [-75.388214, 6.226728], [-75.3884, 6.226621], [-75.388631, 6.226425], [-75.388699, 6.226331], [-75.389215, 6.225391], [-75.389413, 6.225085], [-75.389471, 6.224992], [-75.389503, 6.224919], [-75.389555, 6.224696], [-75.38961, 6.224606], [-75.389665, 6.224565], [-75.389768, 6.224543], [-75.389912, 6.224558], [-75.390118, 6.224636], [-75.390188, 6.22469], [-75.390468, 6.225041], [-75.39072, 6.225295], [-75.390921, 6.225409], [-75.390989, 6.225444], [-75.391181, 6.225529], [-75.391249, 6.225548], [-75.391327, 6.225547], [-75.391404, 6.225508], [-75.391448, 6.225454], [-75.391481, 6.225344], [-75.391498, 6.225068], [-75.391507, 6.225036], [-75.39154, 6.224983], [-75.391564, 6.22496], [-75.391637, 6.224933], [-75.391691, 6.224934], [-75.391886, 6.224996], [-75.391956, 6.225004], [-75.392028, 6.224996], [-75.392287, 6.22497], [-75.392389, 6.224974], [-75.392456, 6.225003], [-75.392807, 6.225183], [-75.392913, 6.225238], [-75.392993, 6.225244], [-75.393039, 6.225241], [-75.39308, 6.225225], [-75.393115, 6.2252], [-75.393135, 6.225176], [-75.393155, 6.225115], [-75.393347, 6.225244], [-75.394139, 6.225883], [-75.394412, 6.226103], [-75.39523, 6.226718], [-75.395892, 6.227226], [-75.396378, 6.227615], [-75.396556, 6.227741], [-75.39679, 6.22785], [-75.397022, 6.227964], [-75.397249, 6.228035], [-75.397528, 6.228112], [-75.397792, 6.228163], [-75.398682, 6.228277], [-75.399361, 6.228377], [-75.399678, 6.228434], [-75.400262, 6.228526], [-75.402797, 6.228859], [-75.403071, 6.228924], [-75.403324, 6.229014], [-75.403474, 6.229092], [-75.403811, 6.22931], [-75.404037, 6.229476], [-75.404147, 6.229543], [-75.404277, 6.229594], [-75.40447, 6.229635], [-75.404608, 6.229637], [-75.404761, 6.229624], [-75.404961, 6.22957], [-75.405134, 6.229496], [-75.405691, 6.229286], [-75.405994, 6.229284], [-75.406408, 6.22934], [-75.407761, 6.229524], [-75.408099, 6.229585], [-75.408382, 6.229661], [-75.408685, 6.229785], [-75.409077, 6.230021], [-75.409127, 6.230051], [-75.409458, 6.230337], [-75.409517, 6.230406], [-75.410026, 6.231121], [-75.410381, 6.231752], [-75.410798, 6.232499], [-75.411056, 6.232962], [-75.412387, 6.235404], [-75.413539, 6.237474], [-75.413666, 6.237706], [-75.41452, 6.239264], [-75.414769, 6.239718], [-75.414886, 6.239931], [-75.415062, 6.240253], [-75.41595, 6.241876], [-75.416035, 6.242031], [-75.41619, 6.2423], [-75.416358, 6.242533], [-75.416525, 6.242744], [-75.416745, 6.242957], [-75.417037, 6.243191], [-75.417092, 6.243226], [-75.417338, 6.243381], [-75.41919, 6.244373], [-75.419691, 6.244635], [-75.419763, 6.244673], [-75.420916, 6.24527], [-75.421551, 6.245607], [-75.421862, 6.245779], [-75.422145, 6.245984], [-75.42243, 6.246239], [-75.422704, 6.246564], [-75.422927, 6.24688], [-75.423467, 6.247904], [-75.423576, 6.248109], [-75.424425, 6.249869], [-75.424564, 6.250097], [-75.424893, 6.250766], [-75.425088, 6.251019], [-75.425315, 6.251255], [-75.425512, 6.251435], [-75.425687, 6.251569], [-75.425803, 6.251649], [-75.425926, 6.25173], [-75.426049, 6.251798], [-75.426176, 6.251865], [-75.426307, 6.251922], [-75.426497, 6.251999], [-75.426643, 6.25204], [-75.427024, 6.252155], [-75.427333, 6.252248], [-75.427777, 6.252382], [-75.427898, 6.252419], [-75.428053, 6.252465], [-75.428343, 6.252601], [-75.428426, 6.252655], [-75.428495, 6.252714], [-75.428535, 6.252777], [-75.428561, 6.252822], [-75.428627, 6.252992], [-75.428657, 6.253082], [-75.428707, 6.253158], [-75.428746, 6.253212], [-75.428789, 6.253245], [-75.428842, 6.253269], [-75.428895, 6.253282], [-75.428948, 6.253284], [-75.428996, 6.253276], [-75.429042, 6.25326], [-75.429075, 6.253243], [-75.429102, 6.253224], [-75.429144, 6.253181], [-75.429185, 6.253127], [-75.429244, 6.25304], [-75.429286, 6.252975], [-75.429508, 6.252613], [-75.429564, 6.252538], [-75.42961, 6.252487], [-75.429684, 6.25242], [-75.429842, 6.252318], [-75.430095, 6.252156], [-75.430439, 6.251897], [-75.430578, 6.251777], [-75.431062, 6.251427], [-75.431628, 6.251024], [-75.432037, 6.250753], [-75.432552, 6.250367], [-75.432667, 6.250286], [-75.4334, 6.249774], [-75.43386, 6.249445], [-75.434171, 6.249243], [-75.434586, 6.249023], [-75.435559, 6.248508], [-75.436218, 6.248159], [-75.436493, 6.247944], [-75.436556, 6.247914], [-75.436887, 6.247509], [-75.437094, 6.247135], [-75.437292, 6.246641], [-75.437334, 6.24653], [-75.437465, 6.246165], [-75.437579, 6.245883], [-75.437793, 6.245339], [-75.438019, 6.244662], [-75.438156, 6.244318], [-75.438328, 6.243713], [-75.438518, 6.24315], [-75.43872, 6.242579], [-75.439087, 6.241815], [-75.43956, 6.241086], [-75.439958, 6.240366], [-75.440248, 6.239849], [-75.440769, 6.238814], [-75.441565, 6.237244], [-75.442177, 6.236039], [-75.442633, 6.235262], [-75.442773, 6.235001], [-75.44335, 6.233811], [-75.443389, 6.233745], [-75.443554, 6.233465], [-75.444618, 6.231409], [-75.444755, 6.231095], [-75.444816, 6.230956], [-75.444912, 6.230479], [-75.444923, 6.230389], [-75.445001, 6.228492], [-75.445013, 6.22829], [-75.445042, 6.227118], [-75.445038, 6.226598], [-75.44508, 6.225834], [-75.44509, 6.225497], [-75.445113, 6.224715], [-75.445142, 6.223725], [-75.445148, 6.223536], [-75.445157, 6.222471], [-75.44516, 6.2222], [-75.445163, 6.221805], [-75.445168, 6.22134], [-75.445175, 6.220474], [-75.445099, 6.220009], [-75.444807, 6.219361], [-75.444412, 6.2189], [-75.444097, 6.218601], [-75.443316, 6.217966], [-75.442719, 6.217482], [-75.442149, 6.21703], [-75.441636, 6.216605], [-75.44003, 6.215275], [-75.439812, 6.215095], [-75.439605, 6.214866], [-75.439445, 6.214689], [-75.439166, 6.214184], [-75.439095, 6.214015], [-75.43861, 6.211586], [-75.438534, 6.211232], [-75.438364, 6.21038], [-75.438339, 6.210259], [-75.438085, 6.208828], [-75.437935, 6.207993], [-75.437927, 6.207945], [-75.43792, 6.207909], [-75.437909, 6.207848], [-75.437908, 6.207836], [-75.4379, 6.207802], [-75.437023, 6.203331], [-75.436783, 6.20257], [-75.436605, 6.202046], [-75.436571, 6.201958], [-75.436545, 6.201884], [-75.436207, 6.20088], [-75.43525, 6.198342], [-75.435161, 6.198104], [-75.434245, 6.195673], [-75.434027, 6.195094], [-75.433949, 6.194818], [-75.433881, 6.194531], [-75.433811, 6.193128], [-75.433809, 6.193016], [-75.433782, 6.192117], [-75.433739, 6.190897], [-75.43373, 6.190657], [-75.433703, 6.189647], [-75.433653, 6.188086], [-75.433622, 6.187254], [-75.433589, 6.186085], [-75.433595, 6.185445], [-75.433577, 6.185014], [-75.433599, 6.184873], [-75.43365, 6.184614], [-75.43373, 6.18438], [-75.433977, 6.183526], [-75.434244, 6.182565], [-75.434294, 6.182377], [-75.434594, 6.18131], [-75.434613, 6.181241], [-75.434728, 6.180829], [-75.434773, 6.180661], [-75.434833, 6.180437], [-75.434863, 6.180324], [-75.434956, 6.180002], [-75.434989, 6.179893], [-75.435011, 6.17982], [-75.435043, 6.179714], [-75.43507, 6.179624], [-75.435214, 6.179074], [-75.435291, 6.178921], [-75.43534, 6.178776], [-75.435532, 6.178245], [-75.43588, 6.177194], [-75.435912, 6.177113], [-75.435926, 6.177087], [-75.436, 6.176971], [-75.436068, 6.176901], [-75.436151, 6.17683], [-75.436236, 6.176792], [-75.436323, 6.176768], [-75.436414, 6.17675], [-75.436479, 6.17675], [-75.436543, 6.176756], [-75.436588, 6.176766], [-75.436633, 6.176778], [-75.436702, 6.176817], [-75.436773, 6.176864], [-75.436823, 6.176898], [-75.436914, 6.176969], [-75.437005, 6.177046], [-75.437195, 6.177234], [-75.437437, 6.177418], [-75.43764, 6.177526], [-75.437729, 6.177538], [-75.437837, 6.177592], [-75.437923, 6.17763], [-75.438026, 6.177669], [-75.438319, 6.177773], [-75.438873, 6.178002], [-75.439446, 6.178228], [-75.439629, 6.178297], [-75.440151, 6.178474], [-75.440626, 6.178628], [-75.440771, 6.178675], [-75.441084, 6.178777], [-75.441219, 6.178821], [-75.441268, 6.178836], [-75.44162, 6.178947], [-75.441776, 6.178997], [-75.441842, 6.179014], [-75.441925, 6.179026], [-75.442027, 6.179043], [-75.442126, 6.179054], [-75.442227, 6.179061], [-75.442332, 6.179065], [-75.442433, 6.179061], [-75.442643, 6.179049], [-75.443366, 6.178989], [-75.443447, 6.178979], [-75.443591, 6.178962], [-75.443661, 6.178956], [-75.443762, 6.178942], [-75.443864, 6.178925], [-75.44396, 6.17891], [-75.444065, 6.178888], [-75.444149, 6.178863], [-75.444193, 6.17885], [-75.444249, 6.178831], [-75.444359, 6.178785], [-75.444452, 6.178745], [-75.44455, 6.178697], [-75.444736, 6.178606], [-75.444964, 6.178494], [-75.445294, 6.178325], [-75.446094, 6.177924], [-75.446417, 6.177778], [-75.446634, 6.177714], [-75.446874, 6.17765], [-75.447132, 6.177587], [-75.447359, 6.177528], [-75.447648, 6.177464], [-75.447876, 6.177426], [-75.448099, 6.177403], [-75.448316, 6.177393], [-75.44853, 6.17739], [-75.448728, 6.177396], [-75.449174, 6.17742], [-75.449616, 6.177434], [-75.450473, 6.177461], [-75.450872, 6.177465], [-75.451023, 6.177477], [-75.451107, 6.177483], [-75.451216, 6.177492], [-75.451437, 6.177516], [-75.451588, 6.177542], [-75.451844, 6.177607], [-75.451972, 6.177668], [-75.452065, 6.177728], [-75.452164, 6.177802], [-75.452274, 6.178031], [-75.452385, 6.178238], [-75.452459, 6.178404], [-75.452503, 6.178498], [-75.452612, 6.178774], [-75.45266, 6.17889], [-75.452814, 6.179218], [-75.452944, 6.17943], [-75.453035, 6.179563], [-75.453194, 6.179759], [-75.45324, 6.179804], [-75.453293, 6.179842], [-75.453349, 6.179872], [-75.453408, 6.179896], [-75.453517, 6.179914], [-75.45387, 6.17995], [-75.454746, 6.180161], [-75.456537, 6.180638], [-75.45823, 6.181206], [-75.460281, 6.182177], [-75.460847, 6.182484], [-75.461421, 6.182812], [-75.46199, 6.183132], [-75.462524, 6.183478], [-75.463257, 6.183973], [-75.464069, 6.184609], [-75.491121, 6.207514], [-75.496782, 6.212262], [-75.500988, 6.215694], [-75.503827, 6.218011], [-75.505602, 6.219537], [-75.508748, 6.222204], [-75.509, 6.2224], [-75.509324, 6.222644], [-75.50989, 6.222997], [-75.510244, 6.223202], [-75.510553, 6.223372], [-75.510825, 6.223508], [-75.511266, 6.223708], [-75.5116, 6.223846], [-75.511954, 6.223974], [-75.512242, 6.224064], [-75.512646, 6.224173], [-75.513184, 6.224316], [-75.514303, 6.22464], [-75.514459, 6.224686], [-75.514503, 6.224697], [-75.514616, 6.224719], [-75.514712, 6.224754], [-75.515831, 6.22508], [-75.517211, 6.225467], [-75.518488, 6.225857], [-75.51938, 6.226078], [-75.519766, 6.226109], [-75.520064, 6.226072], [-75.520396, 6.22598], [-75.520726, 6.225833], [-75.521023, 6.225632], [-75.521326, 6.225346], [-75.521976, 6.224536], [-75.522321, 6.224238], [-75.522654, 6.224057], [-75.523028, 6.22393], [-75.523292, 6.223897], [-75.52359, 6.223901], [-75.523918, 6.223944], [-75.524156, 6.224004], [-75.524538, 6.22413], [-75.524864, 6.224213], [-75.525143, 6.2243], [-75.525442, 6.224354], [-75.52573, 6.224357], [-75.52611, 6.224332], [-75.52707, 6.224204], [-75.527542, 6.224148], [-75.527873, 6.224093], [-75.528128, 6.22406], [-75.528688, 6.223988], [-75.529312, 6.223897], [-75.529808, 6.223786], [-75.530251, 6.223642], [-75.531153, 6.223286], [-75.531605, 6.223162], [-75.53191, 6.223124], [-75.532198, 6.223122], [-75.532841, 6.223149], [-75.532899, 6.223148], [-75.533021, 6.223189], [-75.533128, 6.223241], [-75.53326, 6.223277], [-75.533348, 6.22329], [-75.533504, 6.223294], [-75.534197, 6.223309], [-75.534341, 6.223309], [-75.534422, 6.223297], [-75.53455, 6.223266], [-75.534819, 6.223206], [-75.534851, 6.223207], [-75.535351, 6.223212], [-75.536254, 6.22321], [-75.536575, 6.223194], [-75.536842, 6.223157], [-75.537107, 6.223097], [-75.537379, 6.223001], [-75.53807, 6.222713], [-75.538316, 6.222636], [-75.538466, 6.222601], [-75.538662, 6.222567], [-75.538952, 6.222549], [-75.539305, 6.222587], [-75.539667, 6.222663], [-75.540022, 6.222757], [-75.540447, 6.222905], [-75.540725, 6.222984], [-75.541009, 6.223046], [-75.541186, 6.22306], [-75.541331, 6.223053], [-75.541568, 6.223037], [-75.541885, 6.222952], [-75.54239, 6.222787], [-75.542592, 6.222727], [-75.542819, 6.222667], [-75.543102, 6.222623], [-75.543436, 6.222629], [-75.54362, 6.222631], [-75.543785, 6.222656], [-75.544012, 6.222699], [-75.544204, 6.222759], [-75.544351, 6.222824], [-75.544499, 6.222887], [-75.544622, 6.222965], [-75.544744, 6.223034], [-75.547905, 6.225182], [-75.54819, 6.225348], [-75.548544, 6.225472], [-75.548893, 6.22553], [-75.55015, 6.225621], [-75.550343, 6.225642], [-75.550756, 6.225669], [-75.551043, 6.225639], [-75.551267, 6.225605], [-75.551615, 6.22551], [-75.551851, 6.225373], [-75.552077, 6.225219], [-75.556609, 6.220901], [-75.557264, 6.220279], [-75.55748, 6.220121], [-75.557571, 6.220081], [-75.557671, 6.220057], [-75.557802, 6.22005], [-75.557954, 6.220064], [-75.558066, 6.220105], [-75.558194, 6.220169], [-75.558349, 6.220271], [-75.558792, 6.220626], [-75.558825, 6.220659], [-75.558973, 6.220779], [-75.559273, 6.22101], [-75.559358, 6.221056], [-75.559486, 6.221124], [-75.559585, 6.221168], [-75.559689, 6.221199], [-75.559788, 6.22122], [-75.559874, 6.221233], [-75.55995, 6.221237], [-75.560038, 6.221235], [-75.560119, 6.221226], [-75.560193, 6.221217], [-75.560527, 6.221148], [-75.561053, 6.22101], [-75.561157, 6.220979], [-75.56168, 6.220824], [-75.561925, 6.220755], [-75.561979, 6.220736], [-75.562072, 6.220702], [-75.562163, 6.220652], [-75.562299, 6.220539], [-75.562387, 6.220437], [-75.562444, 6.220339], [-75.562484, 6.220229], [-75.562499, 6.220107], [-75.562502, 6.22006], [-75.562496, 6.219962], [-75.562473, 6.219874], [-75.562447, 6.219816], [-75.562426, 6.219763], [-75.562386, 6.219689], [-75.562369, 6.219663], [-75.562293, 6.219572], [-75.562181, 6.219492], [-75.562064, 6.219438], [-75.561925, 6.219406], [-75.561745, 6.219409], [-75.561592, 6.219439], [-75.561463, 6.219497], [-75.561166, 6.219713], [-75.561066, 6.219783], [-75.560889, 6.219881], [-75.560584, 6.220043], [-75.560477, 6.22009], [-75.5604, 6.220111], [-75.560293, 6.220116], [-75.56017, 6.220099], [-75.560116, 6.220084], [-75.560062, 6.220058], [-75.559999, 6.220022], [-75.559947, 6.219977], [-75.559876, 6.219894], [-75.559353, 6.218836], [-75.55924, 6.218608], [-75.559149, 6.218418], [-75.558867, 6.217903], [-75.558577, 6.217209], [-75.558434, 6.216948], [-75.558327, 6.216754], [-75.557715, 6.215721], [-75.557612, 6.215581], [-75.557522, 6.215422], [-75.55748, 6.215316], [-75.557445, 6.21517], [-75.557447, 6.21507], [-75.557482, 6.214918], [-75.557522, 6.214835], [-75.557609, 6.214719], [-75.557705, 6.214646], [-75.55779, 6.21461], [-75.557895, 6.214575], [-75.558014, 6.214575], [-75.558213, 6.214591], [-75.558445, 6.21465], [-75.559063, 6.21479], [-75.559527, 6.214889], [-75.560581, 6.215097], [-75.560854, 6.215151], [-75.56182, 6.215363], [-75.561918, 6.215384], [-75.562392, 6.215494], [-75.562612, 6.215554], [-75.562942, 6.215658], [-75.563194, 6.215753], [-75.5634, 6.215843], [-75.563607, 6.215986], [-75.56405, 6.216394], [-75.564109, 6.216462], [-75.564147, 6.216503], [-75.5642, 6.216578], [-75.564233, 6.216639], [-75.564265, 6.216711], [-75.564289, 6.216779], [-75.564308, 6.216866], [-75.564318, 6.216933], [-75.56432, 6.217], [-75.564319, 6.217067], [-75.564307, 6.217141], [-75.564275, 6.217273], [-75.564217, 6.217558], [-75.564206, 6.217756], [-75.564214, 6.217789], [-75.564227, 6.21781], [-75.56425, 6.217834], [-75.564284, 6.217854], [-75.56432, 6.217858], [-75.564353, 6.217851], [-75.564378, 6.217831], [-75.564389, 6.217799], [-75.564397, 6.217759], [-75.564411, 6.217539], [-75.56441, 6.217409], [-75.564429, 6.217083], [-75.564419, 6.216941], [-75.564405, 6.216839], [-75.564395, 6.216806], [-75.564344, 6.216661], [-75.5643, 6.216581], [-75.564249, 6.216507], [-75.564181, 6.216422], [-75.563916, 6.216159], [-75.563783, 6.216046], [-75.563667, 6.215936], [-75.563594, 6.215799], [-75.563583, 6.215778], [-75.563542, 6.215719], [-75.563491, 6.215649], [-75.563412, 6.2155], [-75.563365, 6.215377], [-75.56334, 6.215302], [-75.56333, 6.215264], [-75.563318, 6.215203], [-75.563337, 6.215169], [-75.563363, 6.21514], [-75.563392, 6.215119], [-75.563424, 6.215103], [-75.563458, 6.215094], [-75.563494, 6.215091], [-75.563529, 6.215095], [-75.563874, 6.215102], [-75.564091, 6.215108], [-75.564145, 6.215096], [-75.564178, 6.215071], [-75.564203, 6.215024], [-75.564276, 6.214831], [-75.564328, 6.214754], [-75.564391, 6.21471], [-75.56442, 6.214698], [-75.564576, 6.214646], [-75.56488, 6.214574], [-75.565121, 6.214544], [-75.565409, 6.214538], [-75.565605, 6.21453], [-75.566065, 6.214515], [-75.566333, 6.214502], [-75.566449, 6.214459], [-75.566558, 6.214383], [-75.566648, 6.214274], [-75.566709, 6.214114], [-75.566776, 6.214085], [-75.566848, 6.214059], [-75.566991, 6.214028], [-75.567128, 6.21407], [-75.567293, 6.214095], [-75.567557, 6.21413], [-75.567825, 6.214216], [-75.56794, 6.214241], [-75.568116, 6.214257], [-75.568251, 6.214268], [-75.568408, 6.21429], [-75.568442, 6.214295], [-75.568622, 6.214352], [-75.568722, 6.214374], [-75.568802, 6.214386], [-75.569027, 6.214398], [-75.569188, 6.214427], [-75.569457, 6.21453], [-75.569712, 6.214611], [-75.56982, 6.214635], [-75.569869, 6.214637], [-75.569911, 6.214638], [-75.570043, 6.214643], [-75.570043, 6.214541], [-75.570042, 6.213866], [-75.570041, 6.213354], [-75.570041, 6.212897], [-75.570041, 6.212837], [-75.570041, 6.212766], [-75.570062, 6.212248], [-75.570086, 6.21203], [-75.570098, 6.211921], [-75.570141, 6.211723], [-75.57016, 6.211654], [-75.570211, 6.211489], [-75.570251, 6.211355], [-75.570304, 6.211367], [-75.570367, 6.211402], [-75.570452, 6.21147], [-75.570521, 6.211539], [-75.570672, 6.211704], [-75.570762, 6.211776], [-75.570847, 6.211816], [-75.570931, 6.211836], [-75.571561, 6.212081], [-75.571617, 6.212103], [-75.571672, 6.212125], [-75.571861, 6.2122], [-75.572056, 6.212276], [-75.572136, 6.212307], [-75.572107, 6.212364], [-75.571934, 6.212703], [-75.571867, 6.212838], [-75.571794, 6.21299], [-75.571582, 6.213561], [-75.571658, 6.213587], [-75.572608, 6.213914]], "type": "LineString"}}, {"type": "Feature", "properties": {"day": "sat", "from": "H", "to": "ARV", "km": 25.8, "min": 38}, "geometry": {"coordinates": [[-75.572608, 6.213914], [-75.572703, 6.213947], [-75.572783, 6.213975], [-75.573282, 6.214147], [-75.573468, 6.213585], [-75.573584, 6.213333], [-75.573858, 6.21294], [-75.5739, 6.212881], [-75.574105, 6.212917], [-75.574197, 6.212935], [-75.574534, 6.213011], [-75.574729, 6.213058], [-75.574848, 6.213073], [-75.575113, 6.213085], [-75.575305, 6.21311], [-75.575503, 6.213154], [-75.575813, 6.21323], [-75.576302, 6.213344], [-75.576411, 6.21343], [-75.576553, 6.213532], [-75.576626, 6.213564], [-75.57678, 6.213605], [-75.577154, 6.213693], [-75.577262, 6.213726], [-75.577337, 6.213775], [-75.577399, 6.213846], [-75.57743, 6.213905], [-75.577449, 6.213986], [-75.577458, 6.214065], [-75.577445, 6.214174], [-75.577349, 6.214795], [-75.577337, 6.214916], [-75.577346, 6.215025], [-75.577369, 6.215249], [-75.577111, 6.216982], [-75.57709, 6.217114], [-75.577086, 6.217135], [-75.577062, 6.217282], [-75.576967, 6.217955], [-75.576956, 6.218034], [-75.57687, 6.21865], [-75.576837, 6.218892], [-75.57669, 6.219944], [-75.576623, 6.220426], [-75.576501, 6.221308], [-75.576491, 6.221378], [-75.576262, 6.223024], [-75.576233, 6.223236], [-75.576168, 6.223704], [-75.576143, 6.223894], [-75.576031, 6.224688], [-75.575903, 6.225611], [-75.575876, 6.225806], [-75.575704, 6.227009], [-75.575663, 6.227339], [-75.575271, 6.230156], [-75.575215, 6.230558], [-75.575195, 6.230701], [-75.575177, 6.230826], [-75.575137, 6.231086], [-75.575071, 6.231514], [-75.575038, 6.231786], [-75.574966, 6.232398], [-75.574913, 6.232837], [-75.574897, 6.23327], [-75.574905, 6.23347], [-75.574958, 6.233716], [-75.575001, 6.233878], [-75.575058, 6.234087], [-75.57514, 6.234603], [-75.575146, 6.234685], [-75.575138, 6.234775], [-75.575132, 6.23484], [-75.575083, 6.234983], [-75.57489, 6.235545], [-75.574709, 6.236047], [-75.574473, 6.236699], [-75.574089, 6.237765], [-75.574068, 6.237822], [-75.574046, 6.237885], [-75.573986, 6.238051], [-75.573802, 6.23856], [-75.573785, 6.238608], [-75.57374, 6.238733], [-75.573725, 6.238774], [-75.573554, 6.239236], [-75.573532, 6.239297], [-75.573509, 6.23936], [-75.573281, 6.240001], [-75.573257, 6.240068], [-75.573239, 6.240122], [-75.572972, 6.240898], [-75.572728, 6.241608], [-75.572539, 6.242136], [-75.572523, 6.242178], [-75.572443, 6.242156], [-75.571932, 6.241979], [-75.571872, 6.241958], [-75.571743, 6.241913], [-75.571692, 6.241894], [-75.571258, 6.241745], [-75.57118, 6.241718], [-75.571053, 6.241665], [-75.571042, 6.24166], [-75.570985, 6.241641], [-75.570936, 6.241621], [-75.570335, 6.241382], [-75.570255, 6.241345], [-75.57017, 6.241312], [-75.570106, 6.241287], [-75.569825, 6.241177], [-75.569804, 6.241168], [-75.56973, 6.241139], [-75.569684, 6.241122], [-75.569593, 6.241089], [-75.569541, 6.24107], [-75.569494, 6.241187], [-75.569467, 6.241253], [-75.569355, 6.241533], [-75.569221, 6.242003], [-75.569197, 6.242062], [-75.569053, 6.24241], [-75.568912, 6.242752], [-75.56876, 6.24309], [-75.568597, 6.243422], [-75.568496, 6.243639], [-75.568386, 6.243852], [-75.568267, 6.244061], [-75.568141, 6.244265], [-75.568123, 6.244289], [-75.567951, 6.244538], [-75.567805, 6.244735], [-75.567665, 6.244923], [-75.567315, 6.245405], [-75.567227, 6.245519], [-75.566859, 6.24599], [-75.566745, 6.246147], [-75.566672, 6.246237], [-75.566287, 6.246749], [-75.566233, 6.246817], [-75.565815, 6.247346], [-75.565753, 6.247429], [-75.565735, 6.247453], [-75.56573, 6.24746], [-75.565723, 6.24747], [-75.565706, 6.247492], [-75.565701, 6.247499], [-75.565688, 6.247517], [-75.565669, 6.247541], [-75.565627, 6.247598], [-75.565495, 6.247775], [-75.565229, 6.248154], [-75.565126, 6.248307], [-75.564941, 6.248598], [-75.564838, 6.248765], [-75.564748, 6.24892], [-75.564706, 6.248993], [-75.564676, 6.24904], [-75.564641, 6.249096], [-75.564593, 6.249173], [-75.564521, 6.2493], [-75.564165, 6.249956], [-75.563921, 6.250405], [-75.56385, 6.25053], [-75.563774, 6.250667], [-75.56349, 6.251154], [-75.563422, 6.251269], [-75.563363, 6.251365], [-75.563011, 6.251937], [-75.562716, 6.252421], [-75.562588, 6.252636], [-75.562265, 6.253214], [-75.562237, 6.253268], [-75.56221, 6.253325], [-75.562153, 6.253483], [-75.562129, 6.253566], [-75.562108, 6.253656], [-75.562094, 6.253761], [-75.562086, 6.253843], [-75.562086, 6.253906], [-75.562092, 6.254029], [-75.562106, 6.254129], [-75.562133, 6.254248], [-75.562155, 6.254331], [-75.562175, 6.254501], [-75.562178, 6.254568], [-75.562178, 6.25463], [-75.562174, 6.254678], [-75.562172, 6.254696], [-75.562167, 6.254755], [-75.562155, 6.254814], [-75.562147, 6.254837], [-75.562133, 6.254873], [-75.562025, 6.255071], [-75.561789, 6.255433], [-75.561759, 6.25548], [-75.561721, 6.255538], [-75.561309, 6.256164], [-75.561273, 6.256218], [-75.560871, 6.256825], [-75.560842, 6.256867], [-75.560411, 6.25752], [-75.56037, 6.257583], [-75.559875, 6.258331], [-75.559466, 6.258962], [-75.559437, 6.259006], [-75.559148, 6.259451], [-75.558579, 6.260327], [-75.558319, 6.260727], [-75.558238, 6.26086], [-75.558202, 6.260934], [-75.558094, 6.26131], [-75.558065, 6.261431], [-75.557961, 6.261879], [-75.557938, 6.261965], [-75.557914, 6.262005], [-75.557891, 6.262024], [-75.557859, 6.262036], [-75.557797, 6.262043], [-75.557475, 6.262007], [-75.557436, 6.261999], [-75.557397, 6.261986], [-75.557361, 6.261962], [-75.557035, 6.261624], [-75.556959, 6.261552], [-75.556913, 6.261515], [-75.556878, 6.261493], [-75.556829, 6.26148], [-75.556776, 6.261472], [-75.55652, 6.261441], [-75.556435, 6.261433], [-75.556366, 6.261432], [-75.556318, 6.261435], [-75.556169, 6.261302], [-75.556135, 6.261271], [-75.555869, 6.26103], [-75.555809, 6.261007], [-75.555756, 6.261006], [-75.55569, 6.261025], [-75.555631, 6.261059], [-75.555574, 6.261115], [-75.555533, 6.261172], [-75.555507, 6.261231], [-75.555429, 6.261549], [-75.555362, 6.261679], [-75.555277, 6.261793], [-75.555069, 6.262013], [-75.554927, 6.262146], [-75.554828, 6.262256], [-75.554783, 6.262324], [-75.554517, 6.262723], [-75.554362, 6.262924], [-75.554352, 6.263016], [-75.554282, 6.263597], [-75.554214, 6.264159], [-75.554209, 6.264202], [-75.554203, 6.26425], [-75.554103, 6.265083], [-75.554043, 6.265585], [-75.554036, 6.265643], [-75.553957, 6.266135], [-75.553949, 6.266219], [-75.553937, 6.266297], [-75.553875, 6.266887], [-75.553841, 6.267176], [-75.553831, 6.267263], [-75.553784, 6.267263], [-75.553738, 6.267273], [-75.553555, 6.26732], [-75.553361, 6.267368], [-75.552985, 6.267466], [-75.552466, 6.2676], [-75.552005, 6.267723], [-75.551584, 6.267832], [-75.55155, 6.267842], [-75.551516, 6.267848], [-75.55145, 6.267858], [-75.551387, 6.267863], [-75.55122, 6.267879], [-75.551071, 6.267891], [-75.550663, 6.267925], [-75.550184, 6.267971], [-75.549937, 6.267993], [-75.549762, 6.268008], [-75.549701, 6.268014], [-75.549675, 6.268086], [-75.549631, 6.268148], [-75.549597, 6.26819], [-75.549544, 6.268234], [-75.549336, 6.26838], [-75.549287, 6.268419], [-75.549235, 6.268466], [-75.549206, 6.268491], [-75.549159, 6.268576], [-75.549145, 6.268597], [-75.549123, 6.268663], [-75.549118, 6.268724], [-75.549124, 6.26878], [-75.549156, 6.269124], [-75.549184, 6.269431], [-75.549177, 6.269534], [-75.549109, 6.269681], [-75.549092, 6.269727], [-75.549091, 6.269786], [-75.5491, 6.269823], [-75.549131, 6.26988], [-75.549186, 6.269921], [-75.549453, 6.270076], [-75.549506, 6.270111], [-75.549533, 6.27016], [-75.549547, 6.270243], [-75.549422, 6.27084], [-75.549301, 6.271057], [-75.549163, 6.271162], [-75.548849, 6.271354], [-75.548807, 6.27139], [-75.548751, 6.27144], [-75.548689, 6.27151], [-75.548658, 6.271586], [-75.548645, 6.271625], [-75.548645, 6.271668], [-75.548708, 6.271813], [-75.54885, 6.272041], [-75.548867, 6.272077], [-75.548881, 6.272128], [-75.548881, 6.272195], [-75.548865, 6.272291], [-75.54869, 6.272717], [-75.548542, 6.273004], [-75.548529, 6.273062], [-75.548518, 6.273139], [-75.548533, 6.273585], [-75.548517, 6.273638], [-75.548499, 6.273716], [-75.548472, 6.273815], [-75.548403, 6.274015], [-75.548311, 6.274185], [-75.547996, 6.274566], [-75.547834, 6.274721], [-75.547676, 6.274805], [-75.547577, 6.274901], [-75.547536, 6.274989], [-75.547487, 6.275144], [-75.547539, 6.275591], [-75.547636, 6.276096], [-75.547642, 6.276232], [-75.547461, 6.276851], [-75.547418, 6.277108], [-75.547431, 6.277273], [-75.547484, 6.277388], [-75.547614, 6.277566], [-75.547736, 6.277741], [-75.547803, 6.277849], [-75.547796, 6.27792], [-75.547764, 6.278073], [-75.547627, 6.278472], [-75.547576, 6.278647], [-75.547573, 6.27903], [-75.547585, 6.279107], [-75.547565, 6.279252], [-75.547498, 6.279398], [-75.547408, 6.279552], [-75.547316, 6.279641], [-75.54721, 6.279714], [-75.5471, 6.27976], [-75.54679, 6.279775], [-75.546695, 6.27978], [-75.546603, 6.279796], [-75.546588, 6.279802], [-75.546565, 6.279825], [-75.546065, 6.28048], [-75.546005, 6.280568], [-75.545985, 6.280607], [-75.545781, 6.281012], [-75.545774, 6.281053], [-75.545727, 6.28131], [-75.545698, 6.281493], [-75.54556, 6.281767], [-75.545402, 6.282106], [-75.545392, 6.282216], [-75.545402, 6.282344], [-75.545463, 6.28259], [-75.545481, 6.282679], [-75.545505, 6.282771], [-75.545531, 6.282838], [-75.54556, 6.282887], [-75.545686, 6.282999], [-75.545743, 6.28305], [-75.545769, 6.283078], [-75.54579, 6.283105], [-75.545802, 6.283132], [-75.545808, 6.283171], [-75.545811, 6.283219], [-75.545776, 6.283285], [-75.545726, 6.283405], [-75.545699, 6.28348], [-75.545685, 6.283611], [-75.545804, 6.283765], [-75.54588, 6.283891], [-75.545933, 6.283999], [-75.545944, 6.284074], [-75.545931, 6.284132], [-75.545906, 6.284178], [-75.545875, 6.284216], [-75.545826, 6.284242], [-75.54569, 6.284284], [-75.545335, 6.284336], [-75.54501, 6.284385], [-75.544862, 6.284432], [-75.544747, 6.284489], [-75.544677, 6.284543], [-75.544629, 6.2846], [-75.544555, 6.284751], [-75.544491, 6.284917], [-75.544473, 6.285054], [-75.544475, 6.285097], [-75.544512, 6.285366], [-75.54451, 6.285458], [-75.544491, 6.285528], [-75.54443, 6.285653], [-75.544308, 6.285778], [-75.544273, 6.285813], [-75.544241, 6.285855], [-75.544221, 6.2859], [-75.544215, 6.285944], [-75.544216, 6.285994], [-75.544218, 6.286072], [-75.544219, 6.286156], [-75.54422, 6.286179], [-75.544212, 6.286301], [-75.544209, 6.286335], [-75.544175, 6.28646], [-75.544162, 6.28651], [-75.54414, 6.286581], [-75.544127, 6.28665], [-75.544121, 6.28674], [-75.544126, 6.286828], [-75.544134, 6.28688], [-75.544155, 6.287027], [-75.544183, 6.287226], [-75.544202, 6.28736], [-75.544231, 6.287475], [-75.544245, 6.287523], [-75.544255, 6.287569], [-75.544396, 6.287996], [-75.544438, 6.288119], [-75.544521, 6.288328], [-75.544582, 6.288497], [-75.544594, 6.288571], [-75.544595, 6.288644], [-75.544578, 6.288713], [-75.544552, 6.288784], [-75.544512, 6.288854], [-75.544443, 6.288983], [-75.544405, 6.289029], [-75.544378, 6.289082], [-75.544336, 6.289147], [-75.544301, 6.289217], [-75.544267, 6.289303], [-75.544251, 6.28935], [-75.544206, 6.289558], [-75.544166, 6.289626], [-75.544114, 6.289686], [-75.544059, 6.289736], [-75.543977, 6.289775], [-75.543883, 6.2898], [-75.543788, 6.289815], [-75.543644, 6.289811], [-75.543456, 6.289781], [-75.54332, 6.289732], [-75.543204, 6.289702], [-75.543141, 6.289701], [-75.543068, 6.289716], [-75.543007, 6.289747], [-75.542976, 6.28978], [-75.542952, 6.289822], [-75.542933, 6.289903], [-75.542928, 6.289986], [-75.542927, 6.290078], [-75.542935, 6.290331], [-75.542914, 6.290609], [-75.542905, 6.290781], [-75.542891, 6.290858], [-75.542867, 6.290898], [-75.54267, 6.291108], [-75.542643, 6.291151], [-75.54263, 6.291197], [-75.542611, 6.291277], [-75.54265, 6.291632], [-75.542645, 6.291846], [-75.542626, 6.291919], [-75.542597, 6.29199], [-75.54247, 6.292173], [-75.542385, 6.292277], [-75.542345, 6.292285], [-75.542241, 6.292345], [-75.542141, 6.292395], [-75.542042, 6.292432], [-75.541938, 6.292477], [-75.541866, 6.292514], [-75.54182, 6.292535], [-75.541779, 6.292557], [-75.541723, 6.292601], [-75.541687, 6.292635], [-75.541663, 6.292663], [-75.541636, 6.292693], [-75.54159, 6.292762], [-75.541564, 6.292826], [-75.541542, 6.292891], [-75.541506, 6.292991], [-75.541497, 6.293011], [-75.541472, 6.293146], [-75.541469, 6.293169], [-75.541455, 6.293268], [-75.541449, 6.29337], [-75.541452, 6.293455], [-75.541489, 6.293716], [-75.541505, 6.293916], [-75.541502, 6.294184], [-75.541476, 6.29432], [-75.541428, 6.294428], [-75.541395, 6.294515], [-75.54134, 6.294594], [-75.541289, 6.29467], [-75.54115, 6.294777], [-75.540914, 6.294936], [-75.540488, 6.295197], [-75.540268, 6.295334], [-75.540069, 6.295504], [-75.539974, 6.295637], [-75.539931, 6.295777], [-75.539931, 6.295906], [-75.539948, 6.296125], [-75.539943, 6.296242], [-75.539889, 6.296418], [-75.539843, 6.29646], [-75.539745, 6.296546], [-75.539601, 6.296621], [-75.539413, 6.296694], [-75.539266, 6.296732], [-75.539136, 6.296737], [-75.538969, 6.296734], [-75.538871, 6.296706], [-75.538837, 6.296699], [-75.538648, 6.296763], [-75.53855, 6.296842], [-75.538463, 6.296958], [-75.538416, 6.297124], [-75.538397, 6.297323], [-75.538342, 6.297437], [-75.538255, 6.297528], [-75.538145, 6.297566], [-75.538012, 6.297549], [-75.537908, 6.297504], [-75.537792, 6.297445], [-75.537674, 6.297425], [-75.537535, 6.297433], [-75.537361, 6.29745], [-75.537294, 6.297457], [-75.5372, 6.297472], [-75.537025, 6.297501], [-75.536912, 6.297509], [-75.536825, 6.297517], [-75.536438, 6.297555], [-75.536333, 6.297641], [-75.536265, 6.297703], [-75.536065, 6.297906], [-75.535889, 6.298187], [-75.535871, 6.298245], [-75.535855, 6.298294], [-75.535858, 6.29837], [-75.535903, 6.29848], [-75.53592, 6.29849], [-75.536086, 6.298583], [-75.536252, 6.298644], [-75.536366, 6.298703], [-75.53642, 6.298802], [-75.536428, 6.298907], [-75.536408, 6.298972], [-75.536374, 6.299084], [-75.536278, 6.299252], [-75.536105, 6.299527], [-75.535972, 6.299645], [-75.535838, 6.299713], [-75.535817, 6.299728], [-75.535741, 6.299784], [-75.535699, 6.299816], [-75.535695, 6.299859], [-75.535684, 6.299938], [-75.535709, 6.300018], [-75.535775, 6.300113], [-75.535843, 6.300142], [-75.535965, 6.300195], [-75.536054, 6.30026], [-75.536104, 6.300319], [-75.536127, 6.300382], [-75.536098, 6.300477], [-75.536056, 6.300581], [-75.536037, 6.300649], [-75.53603, 6.300697], [-75.536022, 6.300751], [-75.536041, 6.300833], [-75.536092, 6.300913], [-75.536217, 6.301064], [-75.536375, 6.301232], [-75.536447, 6.301305], [-75.536628, 6.301529], [-75.536834, 6.301726], [-75.536882, 6.301798], [-75.536895, 6.301862], [-75.53689, 6.301954], [-75.536856, 6.302103], [-75.536814, 6.302229], [-75.536767, 6.302419], [-75.536765, 6.302427], [-75.536707, 6.302598], [-75.536616, 6.302837], [-75.536547, 6.303036], [-75.536484, 6.303171], [-75.536442, 6.303247], [-75.536378, 6.303358], [-75.536313, 6.303443], [-75.536174, 6.303624], [-75.536022, 6.303806], [-75.535812, 6.304054], [-75.535741, 6.304195], [-75.535735, 6.304277], [-75.535748, 6.304475], [-75.535771, 6.304667], [-75.535788, 6.304852], [-75.535795, 6.304996], [-75.535782, 6.305195], [-75.535792, 6.305383], [-75.535813, 6.30551], [-75.535951, 6.305717], [-75.53616, 6.305871], [-75.536352, 6.306027], [-75.536404, 6.306082], [-75.536424, 6.306117], [-75.536448, 6.306184], [-75.536461, 6.306311], [-75.536437, 6.306386], [-75.536387, 6.306447], [-75.536351, 6.306465], [-75.536251, 6.306504], [-75.536095, 6.306544], [-75.535995, 6.306571], [-75.53579, 6.306601], [-75.535655, 6.306589], [-75.535552, 6.306571], [-75.535413, 6.306523], [-75.535261, 6.306401], [-75.535204, 6.306355], [-75.53511, 6.306284], [-75.534981, 6.306175], [-75.534889, 6.306143], [-75.534762, 6.306096], [-75.534729, 6.306083], [-75.534593, 6.306041], [-75.534508, 6.306038], [-75.534468, 6.306037], [-75.534393, 6.306058], [-75.534329, 6.306095], [-75.534227, 6.306205], [-75.534026, 6.30664], [-75.533943, 6.306757], [-75.533832, 6.306865], [-75.533737, 6.306949], [-75.533484, 6.307129], [-75.533411, 6.307143], [-75.533324, 6.307147], [-75.533138, 6.307026], [-75.532394, 6.306428], [-75.532157, 6.305973], [-75.532102, 6.30574], [-75.532043, 6.305634], [-75.531936, 6.305569], [-75.531886, 6.305564], [-75.531828, 6.305563], [-75.531701, 6.30562], [-75.53153, 6.305642], [-75.531398, 6.30562], [-75.531225, 6.305592], [-75.531065, 6.305629], [-75.530891, 6.305645], [-75.530644, 6.305671], [-75.530451, 6.305752], [-75.530296, 6.305909], [-75.530102, 6.30604], [-75.530008, 6.306061], [-75.529842, 6.306032], [-75.52959, 6.30597], [-75.529338, 6.305915], [-75.529121, 6.305856], [-75.529104, 6.305925], [-75.529029, 6.305982], [-75.528965, 6.306069], [-75.528911, 6.306222], [-75.528899, 6.306269], [-75.528846, 6.306482], [-75.528764, 6.30664], [-75.528697, 6.306714], [-75.528629, 6.306768], [-75.528523, 6.306787], [-75.528276, 6.306757], [-75.52797, 6.306683], [-75.527952, 6.306679], [-75.527846, 6.306664], [-75.527702, 6.306699], [-75.52765, 6.306737], [-75.527584, 6.306785], [-75.527521, 6.306863], [-75.527422, 6.306943], [-75.527339, 6.306971], [-75.527112, 6.307036], [-75.527063, 6.307066], [-75.527008, 6.30712], [-75.526945, 6.307263], [-75.526897, 6.307394], [-75.526786, 6.307452], [-75.526675, 6.307429], [-75.526603, 6.307372], [-75.526441, 6.307162], [-75.526318, 6.307042], [-75.526184, 6.306992], [-75.525738, 6.307008], [-75.525646, 6.306988], [-75.52559, 6.30698], [-75.525471, 6.30702], [-75.525356, 6.307088], [-75.525267, 6.307101], [-75.525165, 6.307094], [-75.525011, 6.306991], [-75.524941, 6.306956], [-75.52485, 6.306961], [-75.524777, 6.306988], [-75.524682, 6.307076], [-75.524587, 6.307254], [-75.524518, 6.307369], [-75.524433, 6.307422], [-75.52433, 6.30746], [-75.52417, 6.307519], [-75.524093, 6.307604], [-75.524085, 6.307692], [-75.524219, 6.307921], [-75.524316, 6.308027], [-75.524348, 6.308155], [-75.524327, 6.308241], [-75.524107, 6.308678], [-75.524002, 6.308762], [-75.523878, 6.308795], [-75.523655, 6.308827], [-75.523581, 6.308865], [-75.523484, 6.308982], [-75.523358, 6.309112], [-75.523291, 6.309131], [-75.523088, 6.309089], [-75.522828, 6.309028], [-75.522723, 6.309028], [-75.522578, 6.309079], [-75.52238, 6.309244], [-75.522284, 6.309416], [-75.522139, 6.309802], [-75.522145, 6.309945], [-75.522193, 6.310076], [-75.522243, 6.310189], [-75.522293, 6.310338], [-75.522376, 6.31064], [-75.522525, 6.310845], [-75.522723, 6.31098], [-75.523213, 6.311237], [-75.523336, 6.311309], [-75.523426, 6.311409], [-75.52343, 6.311554], [-75.523339, 6.311683], [-75.523213, 6.311728], [-75.523043, 6.311717], [-75.522868, 6.311678], [-75.522763, 6.311673], [-75.522568, 6.311681], [-75.521832, 6.311687], [-75.521549, 6.311833], [-75.521318, 6.311982], [-75.52106, 6.312238], [-75.520655, 6.312779], [-75.520647, 6.312977], [-75.52079, 6.313601], [-75.520816, 6.313707], [-75.520803, 6.313784], [-75.520653, 6.313983], [-75.520635, 6.314036], [-75.520649, 6.314098], [-75.520744, 6.314278], [-75.520858, 6.314644], [-75.520894, 6.314769], [-75.520891, 6.314905], [-75.520803, 6.314999], [-75.520694, 6.315021], [-75.520561, 6.315024], [-75.520344, 6.315008], [-75.520244, 6.315004], [-75.520021, 6.315045], [-75.519958, 6.315069], [-75.519869, 6.315112], [-75.519761, 6.315195], [-75.51967, 6.315301], [-75.519592, 6.315403], [-75.51955, 6.315453], [-75.519491, 6.315503], [-75.519375, 6.315571], [-75.51922, 6.315662], [-75.519015, 6.315811], [-75.518976, 6.31584], [-75.51892, 6.31586], [-75.518862, 6.315868], [-75.51881, 6.315864], [-75.518708, 6.315805], [-75.518571, 6.315698], [-75.518496, 6.315674], [-75.518414, 6.31568], [-75.518351, 6.31571], [-75.51831, 6.315753], [-75.518231, 6.315861], [-75.518095, 6.316017], [-75.517964, 6.316157], [-75.517855, 6.3163], [-75.517775, 6.316439], [-75.517741, 6.31652], [-75.517662, 6.316597], [-75.51758, 6.316629], [-75.517489, 6.316649], [-75.517429, 6.316652], [-75.517355, 6.31664], [-75.517287, 6.3166], [-75.517186, 6.316544], [-75.517083, 6.3165], [-75.517007, 6.316484], [-75.516942, 6.316488], [-75.51688, 6.316498], [-75.516686, 6.316537], [-75.516575, 6.316562], [-75.516464, 6.316593], [-75.51632, 6.31665], [-75.516042, 6.316816], [-75.515812, 6.316965], [-75.515732, 6.316999], [-75.515636, 6.317029], [-75.515519, 6.317029], [-75.515223, 6.316965], [-75.514996, 6.316947], [-75.514802, 6.316971], [-75.514673, 6.317001], [-75.514632, 6.31701], [-75.514566, 6.317036], [-75.514458, 6.317027], [-75.514365, 6.316999], [-75.514319, 6.316963], [-75.51427, 6.316932], [-75.5142, 6.316842], [-75.514111, 6.316743], [-75.514054, 6.316662], [-75.514008, 6.316562], [-75.513986, 6.316481], [-75.513998, 6.316377], [-75.513987, 6.316311], [-75.513991, 6.31623], [-75.513999, 6.316156], [-75.514014, 6.315985], [-75.514045, 6.315784], [-75.514049, 6.315613], [-75.514035, 6.315502], [-75.514005, 6.315423], [-75.513981, 6.315371], [-75.513935, 6.315319], [-75.513903, 6.315263], [-75.513757, 6.315081], [-75.513648, 6.314972], [-75.513575, 6.31491], [-75.51353, 6.314823], [-75.513521, 6.314743], [-75.513523, 6.314657], [-75.513525, 6.314603], [-75.513513, 6.314557], [-75.513474, 6.314508], [-75.513421, 6.314461], [-75.51329, 6.314384], [-75.513169, 6.314319], [-75.513093, 6.314262], [-75.513055, 6.314223], [-75.513029, 6.314173], [-75.513016, 6.314108], [-75.513009, 6.314049], [-75.51302, 6.313952], [-75.513038, 6.313878], [-75.513054, 6.313813], [-75.513053, 6.313769], [-75.513035, 6.313681], [-75.512985, 6.313541], [-75.512953, 6.313437], [-75.512873, 6.313234], [-75.51278, 6.312913], [-75.512709, 6.312733], [-75.512676, 6.312627], [-75.512667, 6.312547], [-75.512668, 6.312491], [-75.512696, 6.312426], [-75.512729, 6.312377], [-75.512769, 6.312327], [-75.512811, 6.312265], [-75.512887, 6.312182], [-75.512966, 6.312086], [-75.513061, 6.312003], [-75.513131, 6.311926], [-75.513191, 6.311864], [-75.513227, 6.311803], [-75.513248, 6.311737], [-75.513252, 6.311656], [-75.513242, 6.311623], [-75.513224, 6.311581], [-75.513173, 6.311452], [-75.513154, 6.311382], [-75.513128, 6.3113], [-75.513117, 6.311241], [-75.513106, 6.311158], [-75.513055, 6.310972], [-75.513003, 6.310849], [-75.512967, 6.310774], [-75.512941, 6.310671], [-75.512933, 6.310597], [-75.512941, 6.310503], [-75.512956, 6.310411], [-75.512959, 6.310315], [-75.51296, 6.310239], [-75.512955, 6.310167], [-75.512951, 6.310107], [-75.512929, 6.310036], [-75.512882, 6.309985], [-75.512823, 6.309933], [-75.512763, 6.309887], [-75.512668, 6.309785], [-75.512524, 6.309629], [-75.512391, 6.309501], [-75.512244, 6.30934], [-75.512184, 6.309263], [-75.512149, 6.309192], [-75.512126, 6.30914], [-75.512122, 6.309095], [-75.512092, 6.30889], [-75.512084, 6.308857], [-75.512071, 6.30882], [-75.51204, 6.308774], [-75.511996, 6.308724], [-75.51197, 6.308701], [-75.511943, 6.308674], [-75.511868, 6.30864], [-75.511753, 6.308608], [-75.511655, 6.30858], [-75.511597, 6.308554], [-75.511542, 6.30853], [-75.511482, 6.30849], [-75.511423, 6.308442], [-75.51138, 6.30841], [-75.511343, 6.308359], [-75.511288, 6.308282], [-75.511237, 6.308178], [-75.511197, 6.308107], [-75.511168, 6.308049], [-75.511132, 6.308002], [-75.511084, 6.307957], [-75.51104, 6.307929], [-75.510519, 6.307685], [-75.510277, 6.307575], [-75.510163, 6.307521], [-75.51007, 6.30748], [-75.510001, 6.307439], [-75.509944, 6.307393], [-75.509875, 6.307315], [-75.509821, 6.307236], [-75.509763, 6.307183], [-75.509699, 6.307137], [-75.509608, 6.307114], [-75.509488, 6.307077], [-75.509375, 6.307053], [-75.509264, 6.307006], [-75.509164, 6.306972], [-75.509099, 6.306945], [-75.509025, 6.306902], [-75.508961, 6.306849], [-75.508923, 6.306776], [-75.508894, 6.306632], [-75.508871, 6.306526], [-75.508811, 6.306437], [-75.508766, 6.306378], [-75.508719, 6.306335], [-75.508562, 6.306258], [-75.508202, 6.306165], [-75.508144, 6.306142], [-75.508084, 6.306101], [-75.507804, 6.305745], [-75.507767, 6.30571], [-75.507463, 6.305533], [-75.507367, 6.305427], [-75.50731, 6.305319], [-75.507259, 6.30522], [-75.507204, 6.305162], [-75.507124, 6.305131], [-75.506817, 6.305087], [-75.506769, 6.305064], [-75.506727, 6.305029], [-75.506685, 6.304975], [-75.506661, 6.30483], [-75.506673, 6.304672], [-75.50669, 6.304446], [-75.506684, 6.304367], [-75.506655, 6.304282], [-75.506574, 6.304178], [-75.506229, 6.303788], [-75.506191, 6.303742], [-75.506147, 6.303687], [-75.505801, 6.303484], [-75.505682, 6.303393], [-75.50544, 6.303161], [-75.505181, 6.302961], [-75.50491, 6.302835], [-75.504845, 6.302793], [-75.504777, 6.302737], [-75.504739, 6.302663], [-75.504726, 6.302559], [-75.504732, 6.302459], [-75.504729, 6.302393], [-75.504712, 6.302336], [-75.504493, 6.302062], [-75.504398, 6.301883], [-75.504365, 6.301724], [-75.504344, 6.301559], [-75.504278, 6.301412], [-75.504052, 6.301098], [-75.503934, 6.300705], [-75.503873, 6.300615], [-75.503685, 6.300454], [-75.503551, 6.300327], [-75.503459, 6.300259], [-75.503374, 6.300247], [-75.503301, 6.30028], [-75.503251, 6.30035], [-75.503251, 6.300417], [-75.503284, 6.300495], [-75.503393, 6.300609], [-75.503428, 6.300678], [-75.503504, 6.300909], [-75.503589, 6.301154], [-75.503603, 6.301259], [-75.503591, 6.301337], [-75.503551, 6.301383], [-75.503416, 6.301459], [-75.502965, 6.30164], [-75.502875, 6.30169], [-75.502807, 6.301757], [-75.502636, 6.302053], [-75.502556, 6.302158], [-75.502497, 6.302206], [-75.502413, 6.302218], [-75.502328, 6.302208], [-75.502212, 6.302142], [-75.502107, 6.302038], [-75.50199, 6.301922], [-75.501957, 6.301829], [-75.501957, 6.301576], [-75.501925, 6.301437], [-75.501859, 6.301338], [-75.501716, 6.301269], [-75.501557, 6.301267], [-75.501195, 6.301272], [-75.501056, 6.301251], [-75.500863, 6.301187], [-75.500626, 6.30106], [-75.500412, 6.300952], [-75.500371, 6.300938], [-75.500329, 6.300937], [-75.500293, 6.300943], [-75.500257, 6.300963], [-75.500128, 6.301001], [-75.500065, 6.301025], [-75.499995, 6.301021], [-75.499918, 6.301022], [-75.499849, 6.300992], [-75.499713, 6.300911], [-75.499548, 6.300717], [-75.499388, 6.300603], [-75.499287, 6.300573], [-75.499183, 6.300563], [-75.499071, 6.300581], [-75.498955, 6.300324], [-75.498949, 6.300281], [-75.498955, 6.300232], [-75.498992, 6.300174], [-75.499059, 6.300105], [-75.499093, 6.300083], [-75.499134, 6.300077], [-75.499297, 6.300137], [-75.499534, 6.300271], [-75.499733, 6.300394], [-75.4998, 6.300409], [-75.499859, 6.300403], [-75.500002, 6.300373], [-75.500186, 6.300326], [-75.500337, 6.300307], [-75.500573, 6.300291], [-75.500857, 6.300243], [-75.501147, 6.300173], [-75.501244, 6.300131], [-75.501254, 6.30012], [-75.501305, 6.300025], [-75.501293, 6.299934], [-75.501236, 6.299787], [-75.501073, 6.299617], [-75.501003, 6.299463], [-75.500962, 6.299313], [-75.500952, 6.299251], [-75.500963, 6.299212], [-75.500983, 6.299184], [-75.501019, 6.299137], [-75.501087, 6.299104], [-75.501161, 6.299073], [-75.501516, 6.29901], [-75.501611, 6.29895], [-75.501679, 6.298863], [-75.501742, 6.298779], [-75.501772, 6.298674], [-75.501759, 6.298544], [-75.501706, 6.298446], [-75.501582, 6.298313], [-75.501557, 6.298236], [-75.501546, 6.298025], [-75.501609, 6.297721], [-75.501684, 6.29756], [-75.501705, 6.297513], [-75.501753, 6.29738], [-75.501785, 6.297204], [-75.501796, 6.29714], [-75.501796, 6.297054], [-75.501753, 6.29672], [-75.501711, 6.296643], [-75.501651, 6.296602], [-75.501528, 6.29661], [-75.501408, 6.296621], [-75.501223, 6.296631], [-75.501002, 6.296584], [-75.500908, 6.296516], [-75.500855, 6.296431], [-75.500836, 6.296304], [-75.500863, 6.296082], [-75.500844, 6.295856], [-75.500772, 6.295712], [-75.500707, 6.295627], [-75.500613, 6.295547], [-75.500476, 6.295464], [-75.500165, 6.295349], [-75.500082, 6.295288], [-75.500034, 6.295045], [-75.500012, 6.29496], [-75.499932, 6.294896], [-75.49979, 6.294885], [-75.499688, 6.294944], [-75.49956, 6.295078], [-75.49948, 6.295189], [-75.499423, 6.295244], [-75.499347, 6.295253], [-75.499283, 6.295236], [-75.499239, 6.295192], [-75.499188, 6.295086], [-75.499148, 6.294996], [-75.499087, 6.294947], [-75.499016, 6.294927], [-75.498937, 6.294944], [-75.498767, 6.295009], [-75.498666, 6.295016], [-75.498563, 6.294975], [-75.498527, 6.294935], [-75.498499, 6.294808], [-75.498509, 6.294749], [-75.498544, 6.294708], [-75.498701, 6.294632], [-75.498916, 6.294539], [-75.499004, 6.294482], [-75.499066, 6.294406], [-75.499088, 6.294275], [-75.499058, 6.293971], [-75.499009, 6.293683], [-75.49894, 6.293408], [-75.498878, 6.29331], [-75.498658, 6.2932], [-75.498603, 6.293157], [-75.498585, 6.293101], [-75.498579, 6.29298], [-75.49859, 6.292871], [-75.498642, 6.29277], [-75.49873, 6.29269], [-75.498862, 6.292587], [-75.499029, 6.292524], [-75.4991, 6.292482], [-75.499141, 6.29243], [-75.499164, 6.292344], [-75.499152, 6.292235], [-75.499124, 6.292107], [-75.499113, 6.291963], [-75.499122, 6.291887], [-75.499147, 6.291841], [-75.49923, 6.291775], [-75.499357, 6.291758], [-75.499552, 6.291755], [-75.499636, 6.291735], [-75.499675, 6.291694], [-75.499727, 6.29152], [-75.499782, 6.29138], [-75.499888, 6.291254], [-75.500013, 6.291134], [-75.500169, 6.291003], [-75.500296, 6.290873], [-75.500352, 6.29079], [-75.500378, 6.290691], [-75.500402, 6.290424], [-75.500399, 6.290223], [-75.500361, 6.290071], [-75.500177, 6.28979], [-75.499957, 6.289508], [-75.499782, 6.289335], [-75.499455, 6.289113], [-75.499221, 6.289076], [-75.498915, 6.288996], [-75.498571, 6.288815], [-75.498371, 6.288629], [-75.498267, 6.288477], [-75.498249, 6.28828], [-75.498258, 6.288062], [-75.498341, 6.287927], [-75.498441, 6.287821], [-75.498607, 6.287677], [-75.498673, 6.28755], [-75.498712, 6.287417], [-75.498713, 6.287307], [-75.498685, 6.287171], [-75.498572, 6.287023], [-75.498506, 6.286958], [-75.498472, 6.286897], [-75.498413, 6.286752], [-75.498414, 6.286708], [-75.498436, 6.286665], [-75.498607, 6.286549], [-75.49878, 6.286462], [-75.499014, 6.286344], [-75.499085, 6.286271], [-75.499146, 6.286172], [-75.499225, 6.285982], [-75.499271, 6.285789], [-75.499297, 6.285669], [-75.499286, 6.285567], [-75.49919, 6.28537], [-75.499154, 6.285275], [-75.499156, 6.285185], [-75.499219, 6.284973], [-75.499238, 6.284831], [-75.499223, 6.284776], [-75.499172, 6.284687], [-75.499063, 6.284662], [-75.498724, 6.284699], [-75.498623, 6.284685], [-75.498505, 6.284623], [-75.498387, 6.284508], [-75.498199, 6.284288], [-75.498097, 6.284181], [-75.498032, 6.284081], [-75.497979, 6.283948], [-75.497932, 6.283724], [-75.497882, 6.283559], [-75.497819, 6.283462], [-75.497738, 6.283378], [-75.497528, 6.28296], [-75.497414, 6.282871], [-75.49735, 6.28284], [-75.497249, 6.282835], [-75.497126, 6.282881], [-75.49702, 6.282889], [-75.496909, 6.282873], [-75.496805, 6.282838], [-75.496634, 6.282748], [-75.496563, 6.282708], [-75.496504, 6.282661], [-75.496441, 6.28261], [-75.496395, 6.282537], [-75.496327, 6.282331], [-75.496256, 6.282222], [-75.496119, 6.282118], [-75.495958, 6.28203], [-75.495851, 6.281963], [-75.495802, 6.281902], [-75.495779, 6.281837], [-75.495772, 6.281759], [-75.495809, 6.281633], [-75.49591, 6.2815], [-75.496061, 6.281418], [-75.496142, 6.281352], [-75.496212, 6.281269], [-75.496254, 6.281168], [-75.496253, 6.281053], [-75.496213, 6.280792], [-75.496167, 6.28063], [-75.496105, 6.280478], [-75.496064, 6.28028], [-75.496055, 6.279991], [-75.496103, 6.279688], [-75.496141, 6.27962], [-75.496243, 6.279508], [-75.496391, 6.279386], [-75.496547, 6.279315], [-75.496656, 6.279295], [-75.497, 6.279329], [-75.497249, 6.279352], [-75.4975, 6.279325], [-75.497719, 6.279236], [-75.497917, 6.279111], [-75.49802, 6.278985], [-75.498051, 6.27887], [-75.498066, 6.278763], [-75.498033, 6.278646], [-75.497899, 6.2785], [-75.497745, 6.278327], [-75.497714, 6.278263], [-75.497701, 6.278187], [-75.497694, 6.278097], [-75.497693, 6.278023], [-75.497879, 6.278016], [-75.497968, 6.27802], [-75.498472, 6.278222], [-75.498589, 6.278274], [-75.498703, 6.278346], [-75.498778, 6.278386], [-75.498888, 6.278422], [-75.499086, 6.278458], [-75.499169, 6.278473], [-75.499223, 6.278489], [-75.499301, 6.278521], [-75.499379, 6.278586], [-75.49948, 6.278708], [-75.499551, 6.278793], [-75.499646, 6.278867], [-75.499766, 6.278948], [-75.499937, 6.279057], [-75.500116, 6.279168], [-75.500525, 6.279477], [-75.5007, 6.279576], [-75.500882, 6.279643], [-75.501002, 6.279671], [-75.501132, 6.279695], [-75.501483, 6.279748], [-75.501744, 6.279787], [-75.501902, 6.279839], [-75.502045, 6.279919], [-75.502073, 6.27994], [-75.502128, 6.279993], [-75.502209, 6.280065], [-75.502312, 6.280158], [-75.502498, 6.280298], [-75.502553, 6.280341], [-75.502667, 6.280439], [-75.502518, 6.280584], [-75.502479, 6.280631], [-75.502443, 6.280697], [-75.502425, 6.280761], [-75.502414, 6.280842], [-75.502414, 6.280892], [-75.502423, 6.280953], [-75.502442, 6.281018], [-75.502473, 6.281088], [-75.502522, 6.281157], [-75.502568, 6.2812], [-75.502625, 6.281239], [-75.502798, 6.281319]], "type": "LineString"}}, {"type": "Feature", "properties": {"day": "sat", "from": "ARV", "to": "PAI", "km": 25.6, "min": 40}, "geometry": {"coordinates": [[-75.502798, 6.281319], [-75.502625, 6.281239], [-75.502568, 6.2812], [-75.502522, 6.281157], [-75.502473, 6.281088], [-75.502442, 6.281018], [-75.502423, 6.280953], [-75.502414, 6.280892], [-75.502414, 6.280842], [-75.502425, 6.280761], [-75.502443, 6.280697], [-75.502479, 6.280631], [-75.502518, 6.280584], [-75.502667, 6.280439], [-75.502553, 6.280341], [-75.502498, 6.280298], [-75.502312, 6.280158], [-75.502209, 6.280065], [-75.502128, 6.279993], [-75.502073, 6.27994], [-75.502045, 6.279919], [-75.501902, 6.279839], [-75.501744, 6.279787], [-75.501483, 6.279748], [-75.501132, 6.279695], [-75.501002, 6.279671], [-75.500882, 6.279643], [-75.5007, 6.279576], [-75.500525, 6.279477], [-75.500116, 6.279168], [-75.499937, 6.279057], [-75.499766, 6.278948], [-75.499646, 6.278867], [-75.499551, 6.278793], [-75.49948, 6.278708], [-75.499379, 6.278586], [-75.499301, 6.278521], [-75.499223, 6.278489], [-75.499169, 6.278473], [-75.499086, 6.278458], [-75.498888, 6.278422], [-75.498778, 6.278386], [-75.498703, 6.278346], [-75.498589, 6.278274], [-75.498472, 6.278222], [-75.497968, 6.27802], [-75.497875, 6.277976], [-75.4978, 6.277945], [-75.497747, 6.277937], [-75.497692, 6.277936], [-75.497693, 6.278023], [-75.497694, 6.278097], [-75.497701, 6.278187], [-75.497714, 6.278263], [-75.497745, 6.278327], [-75.497899, 6.2785], [-75.498033, 6.278646], [-75.498066, 6.278763], [-75.498051, 6.27887], [-75.49802, 6.278985], [-75.497917, 6.279111], [-75.497719, 6.279236], [-75.4975, 6.279325], [-75.497249, 6.279352], [-75.497, 6.279329], [-75.496656, 6.279295], [-75.496547, 6.279315], [-75.496391, 6.279386], [-75.496243, 6.279508], [-75.496141, 6.27962], [-75.496103, 6.279688], [-75.496055, 6.279991], [-75.496064, 6.28028], [-75.496105, 6.280478], [-75.496167, 6.28063], [-75.496213, 6.280792], [-75.496253, 6.281053], [-75.496254, 6.281168], [-75.496212, 6.281269], [-75.496142, 6.281352], [-75.496061, 6.281418], [-75.49591, 6.2815], [-75.495809, 6.281633], [-75.495772, 6.281759], [-75.495779, 6.281837], [-75.495802, 6.281902], [-75.495851, 6.281963], [-75.495958, 6.28203], [-75.496119, 6.282118], [-75.496256, 6.282222], [-75.496327, 6.282331], [-75.496395, 6.282537], [-75.496441, 6.28261], [-75.496504, 6.282661], [-75.496563, 6.282708], [-75.496634, 6.282748], [-75.496805, 6.282838], [-75.496909, 6.282873], [-75.49702, 6.282889], [-75.497126, 6.282881], [-75.497249, 6.282835], [-75.49735, 6.28284], [-75.497414, 6.282871], [-75.497528, 6.28296], [-75.497738, 6.283378], [-75.497819, 6.283462], [-75.497882, 6.283559], [-75.497932, 6.283724], [-75.497979, 6.283948], [-75.498032, 6.284081], [-75.498097, 6.284181], [-75.498199, 6.284288], [-75.498387, 6.284508], [-75.498505, 6.284623], [-75.498623, 6.284685], [-75.498724, 6.284699], [-75.499063, 6.284662], [-75.499172, 6.284687], [-75.499223, 6.284776], [-75.499238, 6.284831], [-75.499219, 6.284973], [-75.499156, 6.285185], [-75.499154, 6.285275], [-75.49919, 6.28537], [-75.499286, 6.285567], [-75.499297, 6.285669], [-75.499271, 6.285789], [-75.499225, 6.285982], [-75.499146, 6.286172], [-75.499085, 6.286271], [-75.499014, 6.286344], [-75.49878, 6.286462], [-75.498607, 6.286549], [-75.498436, 6.286665], [-75.498414, 6.286708], [-75.498413, 6.286752], [-75.498472, 6.286897], [-75.498506, 6.286958], [-75.498572, 6.287023], [-75.498685, 6.287171], [-75.498713, 6.287307], [-75.498712, 6.287417], [-75.498673, 6.28755], [-75.498607, 6.287677], [-75.498441, 6.287821], [-75.498341, 6.287927], [-75.498258, 6.288062], [-75.498249, 6.28828], [-75.498267, 6.288477], [-75.498371, 6.288629], [-75.498571, 6.288815], [-75.498915, 6.288996], [-75.499221, 6.289076], [-75.499455, 6.289113], [-75.499782, 6.289335], [-75.499957, 6.289508], [-75.500177, 6.28979], [-75.500361, 6.290071], [-75.500399, 6.290223], [-75.500402, 6.290424], [-75.500378, 6.290691], [-75.500352, 6.29079], [-75.500296, 6.290873], [-75.500169, 6.291003], [-75.500013, 6.291134], [-75.499888, 6.291254], [-75.499782, 6.29138], [-75.499727, 6.29152], [-75.499675, 6.291694], [-75.499636, 6.291735], [-75.499552, 6.291755], [-75.499357, 6.291758], [-75.49923, 6.291775], [-75.499147, 6.291841], [-75.499122, 6.291887], [-75.499113, 6.291963], [-75.499124, 6.292107], [-75.499152, 6.292235], [-75.499164, 6.292344], [-75.499141, 6.29243], [-75.4991, 6.292482], [-75.499029, 6.292524], [-75.498862, 6.292587], [-75.49873, 6.29269], [-75.498642, 6.29277], [-75.49859, 6.292871], [-75.498579, 6.29298], [-75.498585, 6.293101], [-75.498603, 6.293157], [-75.498658, 6.2932], [-75.498878, 6.29331], [-75.49894, 6.293408], [-75.499009, 6.293683], [-75.499058, 6.293971], [-75.499088, 6.294275], [-75.499066, 6.294406], [-75.499004, 6.294482], [-75.498916, 6.294539], [-75.498701, 6.294632], [-75.498544, 6.294708], [-75.498509, 6.294749], [-75.498499, 6.294808], [-75.498527, 6.294935], [-75.498563, 6.294975], [-75.498666, 6.295016], [-75.498767, 6.295009], [-75.498937, 6.294944], [-75.499016, 6.294927], [-75.499087, 6.294947], [-75.499148, 6.294996], [-75.499188, 6.295086], [-75.499239, 6.295192], [-75.499283, 6.295236], [-75.499347, 6.295253], [-75.499423, 6.295244], [-75.49948, 6.295189], [-75.49956, 6.295078], [-75.499688, 6.294944], [-75.49979, 6.294885], [-75.499932, 6.294896], [-75.500012, 6.29496], [-75.500034, 6.295045], [-75.500082, 6.295288], [-75.500165, 6.295349], [-75.500476, 6.295464], [-75.500613, 6.295547], [-75.500707, 6.295627], [-75.500772, 6.295712], [-75.500844, 6.295856], [-75.500863, 6.296082], [-75.500836, 6.296304], [-75.500855, 6.296431], [-75.500908, 6.296516], [-75.501002, 6.296584], [-75.501223, 6.296631], [-75.501408, 6.296621], [-75.501528, 6.29661], [-75.501651, 6.296602], [-75.501711, 6.296643], [-75.501753, 6.29672], [-75.501796, 6.297054], [-75.501796, 6.29714], [-75.501785, 6.297204], [-75.501753, 6.29738], [-75.501705, 6.297513], [-75.501684, 6.29756], [-75.501609, 6.297721], [-75.501546, 6.298025], [-75.501557, 6.298236], [-75.501582, 6.298313], [-75.501706, 6.298446], [-75.501759, 6.298544], [-75.501772, 6.298674], [-75.501742, 6.298779], [-75.501679, 6.298863], [-75.501611, 6.29895], [-75.501516, 6.29901], [-75.501161, 6.299073], [-75.501087, 6.299104], [-75.501019, 6.299137], [-75.500983, 6.299184], [-75.500963, 6.299212], [-75.500952, 6.299251], [-75.500962, 6.299313], [-75.501003, 6.299463], [-75.501073, 6.299617], [-75.501236, 6.299787], [-75.501293, 6.299934], [-75.501305, 6.300025], [-75.501254, 6.30012], [-75.501244, 6.300131], [-75.501147, 6.300173], [-75.500857, 6.300243], [-75.500573, 6.300291], [-75.500337, 6.300307], [-75.500186, 6.300326], [-75.500002, 6.300373], [-75.499859, 6.300403], [-75.4998, 6.300409], [-75.499733, 6.300394], [-75.499534, 6.300271], [-75.499297, 6.300137], [-75.499134, 6.300077], [-75.499093, 6.300083], [-75.499059, 6.300105], [-75.498992, 6.300174], [-75.498955, 6.300232], [-75.498949, 6.300281], [-75.498955, 6.300324], [-75.499071, 6.300581], [-75.499183, 6.300563], [-75.499287, 6.300573], [-75.499388, 6.300603], [-75.499548, 6.300717], [-75.499713, 6.300911], [-75.499849, 6.300992], [-75.499918, 6.301022], [-75.499995, 6.301021], [-75.500065, 6.301025], [-75.500128, 6.301001], [-75.500257, 6.300963], [-75.500293, 6.300943], [-75.500329, 6.300937], [-75.500371, 6.300938], [-75.500412, 6.300952], [-75.500626, 6.30106], [-75.500863, 6.301187], [-75.501056, 6.301251], [-75.501195, 6.301272], [-75.501557, 6.301267], [-75.501716, 6.301269], [-75.501859, 6.301338], [-75.501925, 6.301437], [-75.501957, 6.301576], [-75.501957, 6.301829], [-75.50199, 6.301922], [-75.502107, 6.302038], [-75.502212, 6.302142], [-75.502328, 6.302208], [-75.502413, 6.302218], [-75.502497, 6.302206], [-75.502556, 6.302158], [-75.502636, 6.302053], [-75.502807, 6.301757], [-75.502875, 6.30169], [-75.502965, 6.30164], [-75.503416, 6.301459], [-75.503551, 6.301383], [-75.503591, 6.301337], [-75.503603, 6.301259], [-75.503589, 6.301154], [-75.503504, 6.300909], [-75.503428, 6.300678], [-75.503393, 6.300609], [-75.503284, 6.300495], [-75.503251, 6.300417], [-75.503251, 6.30035], [-75.503301, 6.30028], [-75.503374, 6.300247], [-75.503459, 6.300259], [-75.503551, 6.300327], [-75.503685, 6.300454], [-75.503873, 6.300615], [-75.503934, 6.300705], [-75.504052, 6.301098], [-75.504278, 6.301412], [-75.504344, 6.301559], [-75.504365, 6.301724], [-75.504398, 6.301883], [-75.504493, 6.302062], [-75.504712, 6.302336], [-75.504729, 6.302393], [-75.504732, 6.302459], [-75.504726, 6.302559], [-75.504739, 6.302663], [-75.504777, 6.302737], [-75.504845, 6.302793], [-75.50491, 6.302835], [-75.505181, 6.302961], [-75.50544, 6.303161], [-75.505682, 6.303393], [-75.505801, 6.303484], [-75.506147, 6.303687], [-75.506191, 6.303742], [-75.506229, 6.303788], [-75.506574, 6.304178], [-75.506655, 6.304282], [-75.506684, 6.304367], [-75.50669, 6.304446], [-75.506673, 6.304672], [-75.506661, 6.30483], [-75.506685, 6.304975], [-75.506727, 6.305029], [-75.506769, 6.305064], [-75.506817, 6.305087], [-75.507124, 6.305131], [-75.507204, 6.305162], [-75.507259, 6.30522], [-75.50731, 6.305319], [-75.507367, 6.305427], [-75.507463, 6.305533], [-75.507767, 6.30571], [-75.507804, 6.305745], [-75.508084, 6.306101], [-75.508144, 6.306142], [-75.508202, 6.306165], [-75.508562, 6.306258], [-75.508719, 6.306335], [-75.508766, 6.306378], [-75.508811, 6.306437], [-75.508871, 6.306526], [-75.508894, 6.306632], [-75.508923, 6.306776], [-75.508961, 6.306849], [-75.509025, 6.306902], [-75.509099, 6.306945], [-75.509164, 6.306972], [-75.509264, 6.307006], [-75.509375, 6.307053], [-75.509488, 6.307077], [-75.509608, 6.307114], [-75.509699, 6.307137], [-75.509763, 6.307183], [-75.509821, 6.307236], [-75.509875, 6.307315], [-75.509944, 6.307393], [-75.510001, 6.307439], [-75.51007, 6.30748], [-75.510163, 6.307521], [-75.510277, 6.307575], [-75.510519, 6.307685], [-75.51104, 6.307929], [-75.511084, 6.307957], [-75.511132, 6.308002], [-75.511168, 6.308049], [-75.511197, 6.308107], [-75.511237, 6.308178], [-75.511288, 6.308282], [-75.511343, 6.308359], [-75.51138, 6.30841], [-75.511423, 6.308442], [-75.511482, 6.30849], [-75.511542, 6.30853], [-75.511597, 6.308554], [-75.511655, 6.30858], [-75.511753, 6.308608], [-75.511868, 6.30864], [-75.511943, 6.308674], [-75.51197, 6.308701], [-75.511996, 6.308724], [-75.51204, 6.308774], [-75.512071, 6.30882], [-75.512084, 6.308857], [-75.512092, 6.30889], [-75.512122, 6.309095], [-75.512126, 6.30914], [-75.512149, 6.309192], [-75.512184, 6.309263], [-75.512244, 6.30934], [-75.512391, 6.309501], [-75.512524, 6.309629], [-75.512668, 6.309785], [-75.512763, 6.309887], [-75.512823, 6.309933], [-75.512882, 6.309985], [-75.512929, 6.310036], [-75.512951, 6.310107], [-75.512955, 6.310167], [-75.51296, 6.310239], [-75.512959, 6.310315], [-75.512956, 6.310411], [-75.512941, 6.310503], [-75.512933, 6.310597], [-75.512941, 6.310671], [-75.512967, 6.310774], [-75.513003, 6.310849], [-75.513055, 6.310972], [-75.513106, 6.311158], [-75.513117, 6.311241], [-75.513128, 6.3113], [-75.513154, 6.311382], [-75.513173, 6.311452], [-75.513224, 6.311581], [-75.513242, 6.311623], [-75.513252, 6.311656], [-75.513248, 6.311737], [-75.513227, 6.311803], [-75.513191, 6.311864], [-75.513131, 6.311926], [-75.513061, 6.312003], [-75.512966, 6.312086], [-75.512887, 6.312182], [-75.512811, 6.312265], [-75.512769, 6.312327], [-75.512729, 6.312377], [-75.512696, 6.312426], [-75.512668, 6.312491], [-75.512667, 6.312547], [-75.512676, 6.312627], [-75.512709, 6.312733], [-75.51278, 6.312913], [-75.512873, 6.313234], [-75.512953, 6.313437], [-75.512985, 6.313541], [-75.513035, 6.313681], [-75.513053, 6.313769], [-75.513054, 6.313813], [-75.513038, 6.313878], [-75.51302, 6.313952], [-75.513009, 6.314049], [-75.513016, 6.314108], [-75.513029, 6.314173], [-75.513055, 6.314223], [-75.513093, 6.314262], [-75.513169, 6.314319], [-75.51329, 6.314384], [-75.513421, 6.314461], [-75.513474, 6.314508], [-75.513513, 6.314557], [-75.513525, 6.314603], [-75.513523, 6.314657], [-75.513521, 6.314743], [-75.51353, 6.314823], [-75.513575, 6.31491], [-75.513648, 6.314972], [-75.513757, 6.315081], [-75.513903, 6.315263], [-75.513935, 6.315319], [-75.513981, 6.315371], [-75.514005, 6.315423], [-75.514035, 6.315502], [-75.514049, 6.315613], [-75.514045, 6.315784], [-75.514014, 6.315985], [-75.513999, 6.316156], [-75.513991, 6.31623], [-75.513987, 6.316311], [-75.513998, 6.316377], [-75.513986, 6.316481], [-75.514008, 6.316562], [-75.514054, 6.316662], [-75.514111, 6.316743], [-75.5142, 6.316842], [-75.51427, 6.316932], [-75.514319, 6.316963], [-75.514365, 6.316999], [-75.514458, 6.317027], [-75.514566, 6.317036], [-75.514632, 6.31701], [-75.514673, 6.317001], [-75.514802, 6.316971], [-75.514996, 6.316947], [-75.515223, 6.316965], [-75.515519, 6.317029], [-75.515636, 6.317029], [-75.515732, 6.316999], [-75.515812, 6.316965], [-75.516042, 6.316816], [-75.51632, 6.31665], [-75.516464, 6.316593], [-75.516575, 6.316562], [-75.516686, 6.316537], [-75.51688, 6.316498], [-75.516942, 6.316488], [-75.517007, 6.316484], [-75.517083, 6.3165], [-75.517186, 6.316544], [-75.517287, 6.3166], [-75.517355, 6.31664], [-75.517429, 6.316652], [-75.517489, 6.316649], [-75.51758, 6.316629], [-75.517662, 6.316597], [-75.517741, 6.31652], [-75.517775, 6.316439], [-75.517855, 6.3163], [-75.517964, 6.316157], [-75.518095, 6.316017], [-75.518231, 6.315861], [-75.51831, 6.315753], [-75.518351, 6.31571], [-75.518414, 6.31568], [-75.518496, 6.315674], [-75.518571, 6.315698], [-75.518708, 6.315805], [-75.51881, 6.315864], [-75.518862, 6.315868], [-75.51892, 6.31586], [-75.518976, 6.31584], [-75.519015, 6.315811], [-75.51922, 6.315662], [-75.519375, 6.315571], [-75.519491, 6.315503], [-75.51955, 6.315453], [-75.519592, 6.315403], [-75.51967, 6.315301], [-75.519761, 6.315195], [-75.519869, 6.315112], [-75.519958, 6.315069], [-75.520021, 6.315045], [-75.520244, 6.315004], [-75.520344, 6.315008], [-75.520561, 6.315024], [-75.520694, 6.315021], [-75.520803, 6.314999], [-75.520891, 6.314905], [-75.520894, 6.314769], [-75.520858, 6.314644], [-75.520744, 6.314278], [-75.520649, 6.314098], [-75.520635, 6.314036], [-75.520653, 6.313983], [-75.520803, 6.313784], [-75.520816, 6.313707], [-75.52079, 6.313601], [-75.520647, 6.312977], [-75.520655, 6.312779], [-75.52106, 6.312238], [-75.521318, 6.311982], [-75.521549, 6.311833], [-75.521832, 6.311687], [-75.522568, 6.311681], [-75.522763, 6.311673], [-75.522868, 6.311678], [-75.523043, 6.311717], [-75.523213, 6.311728], [-75.523339, 6.311683], [-75.52343, 6.311554], [-75.523426, 6.311409], [-75.523336, 6.311309], [-75.523213, 6.311237], [-75.522723, 6.31098], [-75.522525, 6.310845], [-75.522376, 6.31064], [-75.522293, 6.310338], [-75.522243, 6.310189], [-75.522193, 6.310076], [-75.522145, 6.309945], [-75.522139, 6.309802], [-75.522284, 6.309416], [-75.52238, 6.309244], [-75.522578, 6.309079], [-75.522723, 6.309028], [-75.522828, 6.309028], [-75.523088, 6.309089], [-75.523291, 6.309131], [-75.523358, 6.309112], [-75.523484, 6.308982], [-75.523581, 6.308865], [-75.523655, 6.308827], [-75.523878, 6.308795], [-75.524002, 6.308762], [-75.524107, 6.308678], [-75.524327, 6.308241], [-75.524348, 6.308155], [-75.524316, 6.308027], [-75.524219, 6.307921], [-75.524085, 6.307692], [-75.524093, 6.307604], [-75.52417, 6.307519], [-75.52433, 6.30746], [-75.524433, 6.307422], [-75.524518, 6.307369], [-75.524587, 6.307254], [-75.524682, 6.307076], [-75.524777, 6.306988], [-75.52485, 6.306961], [-75.524941, 6.306956], [-75.525011, 6.306991], [-75.525165, 6.307094], [-75.525267, 6.307101], [-75.525356, 6.307088], [-75.525471, 6.30702], [-75.52559, 6.30698], [-75.525646, 6.306988], [-75.525738, 6.307008], [-75.526184, 6.306992], [-75.526318, 6.307042], [-75.526441, 6.307162], [-75.526603, 6.307372], [-75.526675, 6.307429], [-75.526786, 6.307452], [-75.526897, 6.307394], [-75.526945, 6.307263], [-75.527008, 6.30712], [-75.527063, 6.307066], [-75.527112, 6.307036], [-75.527339, 6.306971], [-75.527422, 6.306943], [-75.527521, 6.306863], [-75.527584, 6.306785], [-75.52765, 6.306737], [-75.527702, 6.306699], [-75.527846, 6.306664], [-75.527952, 6.306679], [-75.52797, 6.306683], [-75.528276, 6.306757], [-75.528523, 6.306787], [-75.528629, 6.306768], [-75.528697, 6.306714], [-75.528764, 6.30664], [-75.528846, 6.306482], [-75.528899, 6.306269], [-75.528911, 6.306222], [-75.528965, 6.306069], [-75.529029, 6.305982], [-75.529104, 6.305925], [-75.529121, 6.305856], [-75.529338, 6.305915], [-75.52959, 6.30597], [-75.529842, 6.306032], [-75.530008, 6.306061], [-75.530102, 6.30604], [-75.530296, 6.305909], [-75.530451, 6.305752], [-75.530644, 6.305671], [-75.530891, 6.305645], [-75.531065, 6.305629], [-75.531225, 6.305592], [-75.531398, 6.30562], [-75.53153, 6.305642], [-75.531701, 6.30562], [-75.531828, 6.305563], [-75.531886, 6.305564], [-75.531936, 6.305569], [-75.532043, 6.305634], [-75.532102, 6.30574], [-75.532157, 6.305973], [-75.532394, 6.306428], [-75.533138, 6.307026], [-75.533324, 6.307147], [-75.533411, 6.307143], [-75.533484, 6.307129], [-75.533737, 6.306949], [-75.533832, 6.306865], [-75.533943, 6.306757], [-75.534026, 6.30664], [-75.534227, 6.306205], [-75.534329, 6.306095], [-75.534393, 6.306058], [-75.534468, 6.306037], [-75.534508, 6.306038], [-75.534593, 6.306041], [-75.534729, 6.306083], [-75.534762, 6.306096], [-75.534889, 6.306143], [-75.534981, 6.306175], [-75.53511, 6.306284], [-75.535204, 6.306355], [-75.535261, 6.306401], [-75.535413, 6.306523], [-75.535552, 6.306571], [-75.535655, 6.306589], [-75.53579, 6.306601], [-75.535995, 6.306571], [-75.536095, 6.306544], [-75.536251, 6.306504], [-75.536351, 6.306465], [-75.536387, 6.306447], [-75.536437, 6.306386], [-75.536461, 6.306311], [-75.536448, 6.306184], [-75.536424, 6.306117], [-75.536404, 6.306082], [-75.536352, 6.306027], [-75.53616, 6.305871], [-75.535951, 6.305717], [-75.535813, 6.30551], [-75.535792, 6.305383], [-75.535782, 6.305195], [-75.535795, 6.304996], [-75.535788, 6.304852], [-75.535771, 6.304667], [-75.535748, 6.304475], [-75.535735, 6.304277], [-75.535741, 6.304195], [-75.535812, 6.304054], [-75.536022, 6.303806], [-75.536174, 6.303624], [-75.536313, 6.303443], [-75.536378, 6.303358], [-75.536442, 6.303247], [-75.536484, 6.303171], [-75.536547, 6.303036], [-75.536616, 6.302837], [-75.536707, 6.302598], [-75.536765, 6.302427], [-75.536767, 6.302419], [-75.536814, 6.302229], [-75.536856, 6.302103], [-75.53689, 6.301954], [-75.536895, 6.301862], [-75.536882, 6.301798], [-75.536834, 6.301726], [-75.536628, 6.301529], [-75.536447, 6.301305], [-75.536375, 6.301232], [-75.536217, 6.301064], [-75.536092, 6.300913], [-75.536041, 6.300833], [-75.536022, 6.300751], [-75.53603, 6.300697], [-75.536037, 6.300649], [-75.536056, 6.300581], [-75.536098, 6.300477], [-75.536127, 6.300382], [-75.536104, 6.300319], [-75.536054, 6.30026], [-75.535965, 6.300195], [-75.535843, 6.300142], [-75.535775, 6.300113], [-75.535709, 6.300018], [-75.535684, 6.299938], [-75.535695, 6.299859], [-75.535699, 6.299816], [-75.535741, 6.299784], [-75.535817, 6.299728], [-75.535838, 6.299713], [-75.535972, 6.299645], [-75.536105, 6.299527], [-75.536278, 6.299252], [-75.536374, 6.299084], [-75.536408, 6.298972], [-75.536428, 6.298907], [-75.53642, 6.298802], [-75.536366, 6.298703], [-75.536252, 6.298644], [-75.536086, 6.298583], [-75.53592, 6.29849], [-75.535903, 6.29848], [-75.535858, 6.29837], [-75.535855, 6.298294], [-75.535871, 6.298245], [-75.535889, 6.298187], [-75.536065, 6.297906], [-75.536265, 6.297703], [-75.536333, 6.297641], [-75.536438, 6.297555], [-75.536825, 6.297517], [-75.536912, 6.297509], [-75.537025, 6.297501], [-75.5372, 6.297472], [-75.537294, 6.297457], [-75.537361, 6.29745], [-75.537535, 6.297433], [-75.537674, 6.297425], [-75.537792, 6.297445], [-75.537908, 6.297504], [-75.538012, 6.297549], [-75.538145, 6.297566], [-75.538255, 6.297528], [-75.538342, 6.297437], [-75.538397, 6.297323], [-75.538416, 6.297124], [-75.538463, 6.296958], [-75.53855, 6.296842], [-75.538648, 6.296763], [-75.538837, 6.296699], [-75.538871, 6.296706], [-75.538969, 6.296734], [-75.539136, 6.296737], [-75.539266, 6.296732], [-75.539413, 6.296694], [-75.539601, 6.296621], [-75.539745, 6.296546], [-75.539843, 6.29646], [-75.539889, 6.296418], [-75.539943, 6.296242], [-75.539948, 6.296125], [-75.539931, 6.295906], [-75.539931, 6.295777], [-75.539974, 6.295637], [-75.540069, 6.295504], [-75.540268, 6.295334], [-75.540488, 6.295197], [-75.540914, 6.294936], [-75.54115, 6.294777], [-75.541289, 6.29467], [-75.54134, 6.294594], [-75.541395, 6.294515], [-75.541522, 6.294577], [-75.541584, 6.294578], [-75.541635, 6.294577], [-75.541863, 6.29376], [-75.541891, 6.293695], [-75.541906, 6.293651], [-75.541926, 6.293575], [-75.541943, 6.293494], [-75.541962, 6.293392], [-75.54197, 6.293357], [-75.541987, 6.293296], [-75.542006, 6.293211], [-75.542029, 6.293127], [-75.542056, 6.293008], [-75.542062, 6.292982], [-75.542117, 6.292799], [-75.542189, 6.292559], [-75.542241, 6.292467], [-75.542308, 6.292398], [-75.542348, 6.292345], [-75.542378, 6.2923], [-75.542385, 6.292277], [-75.54247, 6.292173], [-75.542597, 6.29199], [-75.542626, 6.291919], [-75.542645, 6.291846], [-75.54265, 6.291632], [-75.542611, 6.291277], [-75.54263, 6.291197], [-75.542643, 6.291151], [-75.54267, 6.291108], [-75.542867, 6.290898], [-75.542891, 6.290858], [-75.542905, 6.290781], [-75.542914, 6.290609], [-75.542935, 6.290331], [-75.542927, 6.290078], [-75.542928, 6.289986], [-75.542933, 6.289903], [-75.542952, 6.289822], [-75.542976, 6.28978], [-75.543007, 6.289747], [-75.543068, 6.289716], [-75.543141, 6.289701], [-75.543204, 6.289702], [-75.54332, 6.289732], [-75.543456, 6.289781], [-75.543644, 6.289811], [-75.543788, 6.289815], [-75.543883, 6.2898], [-75.543977, 6.289775], [-75.544059, 6.289736], [-75.544114, 6.289686], [-75.544166, 6.289626], [-75.544206, 6.289558], [-75.544251, 6.28935], [-75.544267, 6.289303], [-75.544301, 6.289217], [-75.544336, 6.289147], [-75.544378, 6.289082], [-75.544405, 6.289029], [-75.544443, 6.288983], [-75.544512, 6.288854], [-75.544552, 6.288784], [-75.544578, 6.288713], [-75.544595, 6.288644], [-75.544594, 6.288571], [-75.544582, 6.288497], [-75.544521, 6.288328], [-75.544438, 6.288119], [-75.544396, 6.287996], [-75.544255, 6.287569], [-75.544245, 6.287523], [-75.544231, 6.287475], [-75.544202, 6.28736], [-75.544183, 6.287226], [-75.544155, 6.287027], [-75.544134, 6.28688], [-75.544126, 6.286828], [-75.544121, 6.28674], [-75.544127, 6.28665], [-75.54414, 6.286581], [-75.544162, 6.28651], [-75.544175, 6.28646], [-75.544209, 6.286335], [-75.544212, 6.286301], [-75.54422, 6.286179], [-75.544219, 6.286156], [-75.544218, 6.286072], [-75.544216, 6.285994], [-75.544215, 6.285944], [-75.544221, 6.2859], [-75.544241, 6.285855], [-75.544273, 6.285813], [-75.544308, 6.285778], [-75.54443, 6.285653], [-75.544491, 6.285528], [-75.54451, 6.285458], [-75.544512, 6.285366], [-75.544475, 6.285097], [-75.544473, 6.285054], [-75.544491, 6.284917], [-75.544555, 6.284751], [-75.544629, 6.2846], [-75.544677, 6.284543], [-75.544747, 6.284489], [-75.544862, 6.284432], [-75.54501, 6.284385], [-75.545335, 6.284336], [-75.54569, 6.284284], [-75.545826, 6.284242], [-75.545875, 6.284216], [-75.545906, 6.284178], [-75.545931, 6.284132], [-75.545944, 6.284074], [-75.545933, 6.283999], [-75.54588, 6.283891], [-75.545804, 6.283765], [-75.545685, 6.283611], [-75.545699, 6.28348], [-75.545726, 6.283405], [-75.545776, 6.283285], [-75.545811, 6.283219], [-75.545808, 6.283171], [-75.545802, 6.283132], [-75.54579, 6.283105], [-75.545769, 6.283078], [-75.545743, 6.28305], [-75.545686, 6.282999], [-75.54556, 6.282887], [-75.545531, 6.282838], [-75.545505, 6.282771], [-75.545481, 6.282679], [-75.545463, 6.28259], [-75.545402, 6.282344], [-75.545392, 6.282216], [-75.545402, 6.282106], [-75.54556, 6.281767], [-75.545698, 6.281493], [-75.545727, 6.28131], [-75.545774, 6.281053], [-75.545781, 6.281012], [-75.545985, 6.280607], [-75.546005, 6.280568], [-75.546065, 6.28048], [-75.546565, 6.279825], [-75.546588, 6.279802], [-75.546603, 6.279796], [-75.546695, 6.27978], [-75.54679, 6.279775], [-75.5471, 6.27976], [-75.54721, 6.279714], [-75.547316, 6.279641], [-75.547408, 6.279552], [-75.547498, 6.279398], [-75.547565, 6.279252], [-75.547585, 6.279107], [-75.547573, 6.27903], [-75.547576, 6.278647], [-75.547627, 6.278472], [-75.547764, 6.278073], [-75.547796, 6.27792], [-75.547803, 6.277849], [-75.547736, 6.277741], [-75.547614, 6.277566], [-75.547484, 6.277388], [-75.547431, 6.277273], [-75.547418, 6.277108], [-75.547461, 6.276851], [-75.547642, 6.276232], [-75.547636, 6.276096], [-75.547539, 6.275591], [-75.547487, 6.275144], [-75.547536, 6.274989], [-75.547577, 6.274901], [-75.547676, 6.274805], [-75.547834, 6.274721], [-75.547996, 6.274566], [-75.548311, 6.274185], [-75.548403, 6.274015], [-75.548472, 6.273815], [-75.548499, 6.273716], [-75.548517, 6.273638], [-75.548533, 6.273585], [-75.548518, 6.273139], [-75.548529, 6.273062], [-75.548542, 6.273004], [-75.54869, 6.272717], [-75.548865, 6.272291], [-75.548881, 6.272195], [-75.548881, 6.272128], [-75.548867, 6.272077], [-75.54885, 6.272041], [-75.548708, 6.271813], [-75.548645, 6.271668], [-75.548645, 6.271625], [-75.548658, 6.271586], [-75.548689, 6.27151], [-75.548751, 6.27144], [-75.548807, 6.27139], [-75.548849, 6.271354], [-75.549163, 6.271162], [-75.549301, 6.271057], [-75.549422, 6.27084], [-75.549547, 6.270243], [-75.549533, 6.27016], [-75.549506, 6.270111], [-75.549453, 6.270076], [-75.549186, 6.269921], [-75.549131, 6.26988], [-75.5491, 6.269823], [-75.549091, 6.269786], [-75.549092, 6.269727], [-75.549109, 6.269681], [-75.549177, 6.269534], [-75.549184, 6.269431], [-75.549156, 6.269124], [-75.549124, 6.26878], [-75.549118, 6.268724], [-75.549123, 6.268663], [-75.549145, 6.268597], [-75.549159, 6.268576], [-75.549206, 6.268491], [-75.549235, 6.268466], [-75.549287, 6.268419], [-75.549336, 6.26838], [-75.549544, 6.268234], [-75.549597, 6.26819], [-75.549631, 6.268148], [-75.549675, 6.268086], [-75.549701, 6.268014], [-75.549703, 6.267956], [-75.549699, 6.267899], [-75.549691, 6.267844], [-75.549665, 6.267752], [-75.549638, 6.267656], [-75.549623, 6.267595], [-75.549611, 6.267516], [-75.549613, 6.267473], [-75.549623, 6.26743], [-75.549632, 6.267395], [-75.549647, 6.26736], [-75.549664, 6.26733], [-75.549686, 6.267301], [-75.54974, 6.267247], [-75.549777, 6.267225], [-75.549888, 6.267177], [-75.549958, 6.267155], [-75.550095, 6.267124], [-75.550231, 6.267085], [-75.550272, 6.267067], [-75.550307, 6.267047], [-75.550349, 6.267014], [-75.550415, 6.266945], [-75.550472, 6.266871], [-75.550528, 6.266774], [-75.550559, 6.266717], [-75.550692, 6.266576], [-75.550864, 6.266381], [-75.551085, 6.26615], [-75.551114, 6.266107], [-75.551135, 6.266067], [-75.551154, 6.266027], [-75.551163, 6.266001], [-75.55117, 6.265975], [-75.551175, 6.265956], [-75.551187, 6.265906], [-75.551193, 6.265837], [-75.551235, 6.2654], [-75.551242, 6.265331], [-75.551255, 6.265255], [-75.551316, 6.264905], [-75.551362, 6.264763], [-75.551414, 6.264667], [-75.551518, 6.264551], [-75.551658, 6.264456], [-75.551817, 6.264387], [-75.551988, 6.264338], [-75.552142, 6.264299], [-75.55224, 6.264252], [-75.552349, 6.264174], [-75.552426, 6.264099], [-75.552498, 6.264012], [-75.552571, 6.263911], [-75.552616, 6.263893], [-75.552729, 6.263768], [-75.552805, 6.26369], [-75.55292, 6.263611], [-75.553036, 6.263554], [-75.553075, 6.263528], [-75.553146, 6.263478], [-75.553174, 6.263453], [-75.5532, 6.263411], [-75.553338, 6.263003], [-75.553359, 6.262941], [-75.553402, 6.262845], [-75.553446, 6.262798], [-75.553497, 6.262759], [-75.553557, 6.262735], [-75.553693, 6.262738], [-75.553983, 6.262743], [-75.554062, 6.262722], [-75.554153, 6.262704], [-75.554249, 6.26267], [-75.554395, 6.262582], [-75.554532, 6.262483], [-75.554741, 6.262319], [-75.554828, 6.262256], [-75.554927, 6.262146], [-75.555069, 6.262013], [-75.555277, 6.261793], [-75.555362, 6.261679], [-75.555429, 6.261549], [-75.555507, 6.261231], [-75.555533, 6.261172], [-75.555574, 6.261115], [-75.555631, 6.261059], [-75.55569, 6.261025], [-75.555756, 6.261006], [-75.555809, 6.261007], [-75.555869, 6.26103], [-75.556135, 6.261271], [-75.55615, 6.261302], [-75.556151, 6.261336], [-75.556141, 6.261368], [-75.556121, 6.261396], [-75.556085, 6.261409], [-75.556062, 6.261423], [-75.556016, 6.261456], [-75.55598, 6.261494], [-75.555963, 6.261517], [-75.555947, 6.261545], [-75.555923, 6.261606], [-75.555908, 6.26163], [-75.555674, 6.262193], [-75.555644, 6.262271], [-75.555632, 6.262312], [-75.555625, 6.262347], [-75.555614, 6.262455], [-75.555668, 6.26253], [-75.555698, 6.262559], [-75.555724, 6.262574], [-75.555749, 6.262583], [-75.555789, 6.26259], [-75.555835, 6.262595], [-75.556337, 6.262645], [-75.556445, 6.262656], [-75.556577, 6.262675], [-75.556665, 6.262697], [-75.556756, 6.26273], [-75.556916, 6.262812], [-75.557095, 6.262909], [-75.557291, 6.263001], [-75.557415, 6.263048], [-75.557489, 6.263069], [-75.557564, 6.263081], [-75.558217, 6.263201], [-75.558682, 6.263284], [-75.559683, 6.263459], [-75.559762, 6.263472], [-75.559825, 6.263484], [-75.56042, 6.263588], [-75.560486, 6.263599], [-75.560544, 6.263609], [-75.5612, 6.263724], [-75.561784, 6.263825], [-75.562241, 6.263913], [-75.562336, 6.263929], [-75.5624, 6.26394], [-75.562567, 6.263969], [-75.562577, 6.26401], [-75.562597, 6.264049], [-75.562617, 6.264079], [-75.562647, 6.264107], [-75.562689, 6.264139], [-75.562843, 6.264238], [-75.56299, 6.264333], [-75.563046, 6.264363], [-75.563112, 6.264391], [-75.56317, 6.264405], [-75.563218, 6.264411], [-75.563266, 6.264408], [-75.563308, 6.264399], [-75.563341, 6.264387], [-75.563427, 6.264345], [-75.563631, 6.264182], [-75.56366, 6.264157], [-75.563688, 6.264129], [-75.563707, 6.26411], [-75.563727, 6.264079], [-75.563742, 6.264048], [-75.563753, 6.26401], [-75.56376, 6.263975], [-75.563762, 6.263941], [-75.563763, 6.263915], [-75.563754, 6.26385], [-75.56374, 6.263809], [-75.563721, 6.26377], [-75.563693, 6.263727], [-75.563615, 6.263631], [-75.563607, 6.263573], [-75.563606, 6.263519], [-75.563611, 6.263475], [-75.563619, 6.263436], [-75.563634, 6.263385], [-75.563655, 6.263323], [-75.56379, 6.262939], [-75.563875, 6.2627], [-75.564002, 6.26234], [-75.564021, 6.262286], [-75.564231, 6.261693], [-75.564284, 6.261544], [-75.564317, 6.261451], [-75.56436, 6.261334], [-75.564569, 6.26076], [-75.564641, 6.260573], [-75.564672, 6.260491], [-75.564722, 6.260361], [-75.564792, 6.260177], [-75.564879, 6.259966], [-75.565052, 6.259561], [-75.5651, 6.259448], [-75.565128, 6.259386], [-75.565258, 6.259113], [-75.565425, 6.258745], [-75.565526, 6.258521], [-75.565591, 6.258378], [-75.565698, 6.258135], [-75.565749, 6.25802], [-75.565793, 6.257935], [-75.56582, 6.25789], [-75.565844, 6.257855], [-75.565882, 6.257817], [-75.565916, 6.257793], [-75.565973, 6.257757], [-75.566398, 6.257836], [-75.56644, 6.257844], [-75.566588, 6.257872], [-75.566674, 6.257888], [-75.567424, 6.258022], [-75.567477, 6.258032], [-75.567555, 6.258046], [-75.567767, 6.258084], [-75.56841, 6.2582], [-75.568456, 6.258211], [-75.568477, 6.258218], [-75.568495, 6.258225], [-75.568543, 6.258245], [-75.568607, 6.258272], [-75.568649, 6.258286], [-75.568693, 6.258297], [-75.569381, 6.258422], [-75.570225, 6.258574], [-75.570321, 6.258591], [-75.570448, 6.258614], [-75.570484, 6.25862], [-75.57058, 6.258637], [-75.570639, 6.258591], [-75.570679, 6.258565], [-75.570723, 6.258544], [-75.570764, 6.258533], [-75.570803, 6.258529], [-75.57085, 6.258528], [-75.570893, 6.258542], [-75.570967, 6.258559], [-75.571056, 6.258569], [-75.571145, 6.258574], [-75.571227, 6.258576], [-75.571297, 6.25857], [-75.571348, 6.258559], [-75.571401, 6.258539], [-75.571441, 6.25852], [-75.57159, 6.258444], [-75.571701, 6.258359], [-75.571859, 6.258235], [-75.57194, 6.25817], [-75.572016, 6.258099], [-75.572075, 6.258035], [-75.572129, 6.257966], [-75.572178, 6.257894], [-75.572223, 6.257818], [-75.572274, 6.257643], [-75.572362, 6.257392], [-75.5724, 6.257293], [-75.572457, 6.257159], [-75.572502, 6.257071], [-75.572553, 6.256981], [-75.572612, 6.2569], [-75.572669, 6.256832], [-75.5728, 6.256695], [-75.573108, 6.256374], [-75.573652, 6.255806], [-75.573705, 6.255751], [-75.57394, 6.255505], [-75.574003, 6.255437], [-75.574156, 6.25526], [-75.574229, 6.25518], [-75.574295, 6.255114], [-75.574505, 6.254905], [-75.574648, 6.254733], [-75.574701, 6.254662], [-75.574754, 6.254583], [-75.574815, 6.254481], [-75.574854, 6.254387], [-75.574897, 6.254274], [-75.574919, 6.254191], [-75.574934, 6.254097], [-75.574942, 6.254004], [-75.575006, 6.252903], [-75.575049, 6.252314], [-75.57506, 6.252221], [-75.575116, 6.251891], [-75.575158, 6.251392], [-75.575192, 6.250762], [-75.57521, 6.250288], [-75.575214, 6.250164], [-75.575225, 6.249882], [-75.575234, 6.249436], [-75.57524, 6.249186], [-75.575244, 6.248985], [-75.575204, 6.248407], [-75.575352, 6.244641], [-75.575459, 6.244074], [-75.575494, 6.243089], [-75.575496, 6.243033], [-75.575439, 6.242549], [-75.575434, 6.242476], [-75.575428, 6.242374], [-75.575414, 6.241915], [-75.575415, 6.241728], [-75.575423, 6.241535], [-75.575437, 6.241263], [-75.575471, 6.240635], [-75.57549, 6.240314], [-75.575505, 6.240173], [-75.575523, 6.240027], [-75.575558, 6.239766], [-75.575605, 6.239479], [-75.575669, 6.239189], [-75.575713, 6.238988], [-75.575751, 6.238837], [-75.575792, 6.238696], [-75.576062, 6.237796], [-75.576103, 6.237674], [-75.576164, 6.237539], [-75.576233, 6.237409], [-75.576317, 6.23727], [-75.576829, 6.23647], [-75.57692, 6.236313], [-75.576959, 6.236235], [-75.577013, 6.236097], [-75.577032, 6.236037], [-75.577259, 6.235246], [-75.577465, 6.234414], [-75.577566, 6.234081], [-75.577599, 6.233971], [-75.577662, 6.233764], [-75.57785, 6.233025], [-75.5779, 6.232857], [-75.577924, 6.232807], [-75.577957, 6.232762], [-75.577999, 6.232725], [-75.578047, 6.232696], [-75.578099, 6.232676], [-75.578154, 6.232668], [-75.57833, 6.232706], [-75.578533, 6.232754], [-75.57885, 6.232829], [-75.578951, 6.232854], [-75.579136, 6.232895], [-75.579387, 6.232951], [-75.579474, 6.232968], [-75.579554, 6.232985], [-75.579969, 6.233075], [-75.579981, 6.23318], [-75.579994, 6.233288], [-75.580002, 6.233425], [-75.580059, 6.233555], [-75.580104, 6.2336], [-75.580126, 6.233609], [-75.580181, 6.233633], [-75.580248, 6.233654], [-75.580439, 6.233716], [-75.580587, 6.233791], [-75.5807, 6.233858], [-75.580803, 6.233938], [-75.58115, 6.234306], [-75.581262, 6.234416], [-75.581356, 6.2345], [-75.581554, 6.23461], [-75.581663, 6.234674], [-75.581839, 6.234815], [-75.581883, 6.234864], [-75.581947, 6.235016], [-75.581956, 6.235086], [-75.58202, 6.235455], [-75.582051, 6.235704], [-75.58205, 6.235886], [-75.582022, 6.235969], [-75.581929, 6.236184], [-75.581878, 6.236341], [-75.581845, 6.236463], [-75.581802, 6.236584], [-75.581799, 6.236786], [-75.581824, 6.23698], [-75.581798, 6.237083], [-75.581744, 6.237167], [-75.581679, 6.237238], [-75.581583, 6.237296], [-75.581466, 6.237364], [-75.581336, 6.237428], [-75.581225, 6.237458], [-75.581108, 6.237467], [-75.580985, 6.23748], [-75.580863, 6.237516], [-75.58073, 6.237583], [-75.580649, 6.237611], [-75.580585, 6.23763], [-75.580508, 6.237641], [-75.580389, 6.237624], [-75.580323, 6.2376], [-75.580269, 6.237557], [-75.580157, 6.237462], [-75.580042, 6.237418], [-75.579914, 6.237374], [-75.57985, 6.237353], [-75.57981, 6.23732], [-75.579799, 6.237289], [-75.579794, 6.236951], [-75.579778, 6.236868], [-75.579746, 6.236798], [-75.579716, 6.236731], [-75.579677, 6.236667], [-75.579635, 6.236638], [-75.579598, 6.236608], [-75.579555, 6.236589], [-75.579329, 6.236588], [-75.579274, 6.236558], [-75.579222, 6.236514], [-75.579197, 6.236469], [-75.579177, 6.236413], [-75.57921, 6.235495], [-75.579217, 6.235375], [-75.579234, 6.235274], [-75.579253, 6.235211], [-75.579291, 6.235153], [-75.579368, 6.235122], [-75.579483, 6.235102], [-75.579602, 6.235091], [-75.579717, 6.235101], [-75.579789, 6.235128], [-75.579836, 6.23516], [-75.579923, 6.235262], [-75.579946, 6.23534], [-75.579993, 6.235562], [-75.579998, 6.235632], [-75.58, 6.235685], [-75.580008, 6.235723], [-75.580039, 6.23578], [-75.580076, 6.235824], [-75.58013, 6.23585]], "type": "LineString"}}, {"type": "Feature", "properties": {"day": "sat", "from": "PAI", "to": "ELC", "km": 5.8, "min": 9}, "geometry": {"coordinates": [[-75.58013, 6.23585], [-75.58013, 6.23585], [-75.580182, 6.235841], [-75.580206, 6.235801], [-75.580212, 6.235744], [-75.580188, 6.235688], [-75.580155, 6.23564], [-75.580077, 6.235583], [-75.579993, 6.235562], [-75.579946, 6.23534], [-75.579923, 6.235262], [-75.579836, 6.23516], [-75.579789, 6.235128], [-75.579717, 6.235101], [-75.579602, 6.235091], [-75.579483, 6.235102], [-75.579368, 6.235122], [-75.579291, 6.235153], [-75.579253, 6.235211], [-75.579234, 6.235274], [-75.579217, 6.235375], [-75.57921, 6.235495], [-75.579177, 6.236413], [-75.579197, 6.236469], [-75.579222, 6.236514], [-75.579274, 6.236558], [-75.579329, 6.236588], [-75.579555, 6.236589], [-75.579598, 6.236608], [-75.579635, 6.236638], [-75.579677, 6.236667], [-75.579716, 6.236731], [-75.579746, 6.236798], [-75.579778, 6.236868], [-75.579794, 6.236951], [-75.579799, 6.237289], [-75.57981, 6.23732], [-75.57985, 6.237353], [-75.579914, 6.237374], [-75.580042, 6.237418], [-75.580157, 6.237462], [-75.580269, 6.237557], [-75.580323, 6.2376], [-75.580389, 6.237624], [-75.580508, 6.237641], [-75.580585, 6.23763], [-75.580649, 6.237611], [-75.58073, 6.237583], [-75.580863, 6.237516], [-75.580985, 6.23748], [-75.581108, 6.237467], [-75.581225, 6.237458], [-75.581336, 6.237428], [-75.581466, 6.237364], [-75.581583, 6.237296], [-75.581679, 6.237238], [-75.581744, 6.237167], [-75.581798, 6.237083], [-75.581824, 6.23698], [-75.581799, 6.236786], [-75.581802, 6.236584], [-75.581845, 6.236463], [-75.581878, 6.236341], [-75.581929, 6.236184], [-75.582022, 6.235969], [-75.58205, 6.235886], [-75.582051, 6.235704], [-75.58202, 6.235455], [-75.581956, 6.235086], [-75.581947, 6.235016], [-75.581883, 6.234864], [-75.581839, 6.234815], [-75.581663, 6.234674], [-75.581554, 6.23461], [-75.581356, 6.2345], [-75.581262, 6.234416], [-75.58115, 6.234306], [-75.580803, 6.233938], [-75.5807, 6.233858], [-75.580587, 6.233791], [-75.580439, 6.233716], [-75.580248, 6.233654], [-75.580181, 6.233633], [-75.580126, 6.233609], [-75.580104, 6.2336], [-75.580059, 6.233555], [-75.580099, 6.23342], [-75.580081, 6.233286], [-75.580084, 6.233192], [-75.580085, 6.233096], [-75.579969, 6.233075], [-75.579554, 6.232985], [-75.579474, 6.232968], [-75.579387, 6.232951], [-75.579136, 6.232895], [-75.578951, 6.232854], [-75.57885, 6.232829], [-75.578533, 6.232754], [-75.57833, 6.232706], [-75.578154, 6.232668], [-75.577917, 6.232612], [-75.577808, 6.232588], [-75.577384, 6.232494], [-75.577149, 6.232443], [-75.576964, 6.232406], [-75.576903, 6.232423], [-75.576857, 6.232482], [-75.576832, 6.232553], [-75.576684, 6.233169], [-75.576446, 6.234075], [-75.576406, 6.234284], [-75.576425, 6.234563], [-75.576449, 6.234776], [-75.57647, 6.234921], [-75.576495, 6.234996], [-75.576526, 6.235055], [-75.576641, 6.235203], [-75.576721, 6.235331], [-75.576691, 6.235403], [-75.576653, 6.235438], [-75.576616, 6.23546], [-75.576573, 6.235461], [-75.576545, 6.235445], [-75.576486, 6.235404], [-75.576329, 6.235283], [-75.576248, 6.235057], [-75.576243, 6.235042], [-75.576216, 6.234964], [-75.576186, 6.234876], [-75.576093, 6.234486], [-75.576058, 6.234222], [-75.576042, 6.233994], [-75.57593, 6.232585], [-75.575913, 6.232229], [-75.575937, 6.232147], [-75.575951, 6.231595], [-75.575967, 6.231323], [-75.576045, 6.230581], [-75.576064, 6.230475], [-75.576168, 6.229818], [-75.576194, 6.229646], [-75.576496, 6.227225], [-75.576558, 6.226847], [-75.576697, 6.225978], [-75.576783, 6.225362], [-75.576957, 6.224054], [-75.577489, 6.220329], [-75.577831, 6.217934], [-75.578, 6.216766], [-75.578111, 6.216017], [-75.578234, 6.215192], [-75.578381, 6.214015], [-75.578485, 6.213354], [-75.578529, 6.213245], [-75.578578, 6.213159], [-75.578656, 6.213091], [-75.578752, 6.213048], [-75.578857, 6.213031], [-75.578989, 6.213031], [-75.579114, 6.213052], [-75.579229, 6.213093], [-75.579319, 6.21316], [-75.579378, 6.213256], [-75.579395, 6.21338], [-75.579371, 6.213488], [-75.579317, 6.213578], [-75.579218, 6.213657], [-75.579103, 6.213712], [-75.579001, 6.213733], [-75.57898, 6.213738], [-75.578799, 6.213747], [-75.578785, 6.213745], [-75.577514, 6.213509], [-75.576678, 6.213342], [-75.576374, 6.213279], [-75.576224, 6.213244], [-75.575824, 6.213147], [-75.575639, 6.213099], [-75.575564, 6.213076], [-75.575498, 6.213048], [-75.575408, 6.213008], [-75.575287, 6.212936], [-75.575096, 6.212814], [-75.574755, 6.212579], [-75.574714, 6.212531], [-75.574692, 6.212505], [-75.574653, 6.21246], [-75.574636, 6.21244], [-75.574561, 6.212386], [-75.574325, 6.212218], [-75.574234, 6.212156], [-75.573927, 6.21195], [-75.57329, 6.211676], [-75.572858, 6.211516], [-75.572499, 6.211376], [-75.572011, 6.211185], [-75.571951, 6.211161], [-75.571965, 6.211127], [-75.572249, 6.21041], [-75.57227, 6.210353], [-75.572509, 6.209709], [-75.572532, 6.209646], [-75.572554, 6.209588], [-75.572807, 6.208907], [-75.573062, 6.209001]], "type": "LineString"}}, {"type": "Feature", "properties": {"day": "sun", "from": "H", "to": "BOT", "km": 7.8, "min": 10}, "geometry": {"coordinates": [[-75.572608, 6.213914], [-75.572703, 6.213947], [-75.572783, 6.213975], [-75.573282, 6.214147], [-75.573468, 6.213585], [-75.573584, 6.213333], [-75.573858, 6.21294], [-75.5739, 6.212881], [-75.574105, 6.212917], [-75.574197, 6.212935], [-75.574534, 6.213011], [-75.574729, 6.213058], [-75.574848, 6.213073], [-75.575113, 6.213085], [-75.575305, 6.21311], [-75.575503, 6.213154], [-75.575813, 6.21323], [-75.576302, 6.213344], [-75.576411, 6.21343], [-75.576553, 6.213532], [-75.576626, 6.213564], [-75.57678, 6.213605], [-75.577154, 6.213693], [-75.577262, 6.213726], [-75.577337, 6.213775], [-75.577399, 6.213846], [-75.57743, 6.213905], [-75.577449, 6.213986], [-75.577458, 6.214065], [-75.577445, 6.214174], [-75.577349, 6.214795], [-75.577337, 6.214916], [-75.577346, 6.215025], [-75.577369, 6.215249], [-75.577111, 6.216982], [-75.57709, 6.217114], [-75.577086, 6.217135], [-75.577062, 6.217282], [-75.576967, 6.217955], [-75.576956, 6.218034], [-75.57687, 6.21865], [-75.576837, 6.218892], [-75.57669, 6.219944], [-75.576623, 6.220426], [-75.576501, 6.221308], [-75.576491, 6.221378], [-75.576262, 6.223024], [-75.576233, 6.223236], [-75.576168, 6.223704], [-75.576143, 6.223894], [-75.576031, 6.224688], [-75.575903, 6.225611], [-75.575876, 6.225806], [-75.575704, 6.227009], [-75.575663, 6.227339], [-75.575271, 6.230156], [-75.575215, 6.230558], [-75.575195, 6.230701], [-75.575177, 6.230826], [-75.575137, 6.231086], [-75.575071, 6.231514], [-75.575038, 6.231786], [-75.574966, 6.232398], [-75.574913, 6.232837], [-75.574897, 6.23327], [-75.574905, 6.23347], [-75.574958, 6.233716], [-75.575001, 6.233878], [-75.575058, 6.234087], [-75.57514, 6.234603], [-75.575146, 6.234685], [-75.575138, 6.234775], [-75.575132, 6.23484], [-75.575315, 6.235407], [-75.575617, 6.236318], [-75.575652, 6.236418], [-75.575716, 6.236588], [-75.575773, 6.23678], [-75.575812, 6.236969], [-75.575838, 6.237198], [-75.575841, 6.23739], [-75.575827, 6.237591], [-75.57579, 6.237776], [-75.575711, 6.238029], [-75.575669, 6.238167], [-75.575634, 6.238278], [-75.575613, 6.238345], [-75.57559, 6.23842], [-75.575566, 6.238496], [-75.575546, 6.238563], [-75.575527, 6.238624], [-75.575499, 6.238712], [-75.575477, 6.238772], [-75.575458, 6.238808], [-75.575433, 6.238849], [-75.575399, 6.238898], [-75.575347, 6.23894], [-75.575309, 6.238959], [-75.575263, 6.23899], [-75.575221, 6.239024], [-75.575188, 6.23906], [-75.575164, 6.239094], [-75.575143, 6.239132], [-75.575119, 6.239192], [-75.575107, 6.239244], [-75.575097, 6.239295], [-75.575104, 6.239345], [-75.575112, 6.239393], [-75.575129, 6.239453], [-75.575175, 6.239555], [-75.57519, 6.239664], [-75.575201, 6.239774], [-75.575206, 6.239884], [-75.575207, 6.239995], [-75.575191, 6.240244], [-75.575183, 6.240726], [-75.575155, 6.241883], [-75.575156, 6.242201], [-75.575156, 6.242395], [-75.575156, 6.242534], [-75.575195, 6.243053], [-75.575188, 6.243351], [-75.575171, 6.244049], [-75.575239, 6.244641], [-75.575097, 6.248408], [-75.574979, 6.249263], [-75.574952, 6.249732], [-75.574946, 6.249848], [-75.574945, 6.250095], [-75.574944, 6.25023], [-75.57494, 6.250524], [-75.574924, 6.250869], [-75.574913, 6.251076], [-75.5749, 6.25128], [-75.574862, 6.251726], [-75.574804, 6.252541], [-75.574798, 6.25267], [-75.574792, 6.252778], [-75.574794, 6.25294], [-75.574803, 6.25309], [-75.574813, 6.253181], [-75.574825, 6.253303], [-75.574829, 6.253433], [-75.574827, 6.253542], [-75.574809, 6.253885], [-75.574803, 6.254], [-75.574795, 6.254075], [-75.574784, 6.254151], [-75.574761, 6.254236], [-75.574735, 6.254307], [-75.574711, 6.254358], [-75.574682, 6.254407], [-75.574621, 6.254504], [-75.574574, 6.254573], [-75.574509, 6.254655], [-75.574451, 6.25472], [-75.574368, 6.254806], [-75.574106, 6.255064], [-75.573854, 6.255325], [-75.573777, 6.255401], [-75.573699, 6.25547], [-75.573505, 6.255631], [-75.573447, 6.255677], [-75.573337, 6.255768], [-75.573287, 6.255812], [-75.573229, 6.255868], [-75.573027, 6.256074], [-75.572291, 6.256819], [-75.572235, 6.256864], [-75.57218, 6.256896], [-75.572122, 6.256917], [-75.572057, 6.256934], [-75.57191, 6.256984], [-75.571637, 6.257033], [-75.571556, 6.257065], [-75.571506, 6.257095], [-75.571471, 6.257125], [-75.571244, 6.257397], [-75.571208, 6.257435], [-75.571008, 6.257626], [-75.570832, 6.257798], [-75.570722, 6.257907], [-75.570697, 6.257938], [-75.570676, 6.257973], [-75.570655, 6.25801], [-75.570631, 6.258062], [-75.570614, 6.25812], [-75.570553, 6.258251], [-75.57051, 6.258327], [-75.570478, 6.258376], [-75.570445, 6.258428], [-75.570407, 6.258479], [-75.570321, 6.258591], [-75.570282, 6.258643], [-75.570232, 6.258712], [-75.570193, 6.25876], [-75.570161, 6.258798], [-75.570104, 6.258856], [-75.570047, 6.258921], [-75.569999, 6.258981], [-75.569955, 6.259042], [-75.569918, 6.259098], [-75.569879, 6.259163], [-75.569688, 6.259529], [-75.569639, 6.259615], [-75.569405, 6.260058], [-75.569374, 6.260117], [-75.569331, 6.2602], [-75.569287, 6.260281], [-75.569051, 6.260729], [-75.568799, 6.261205], [-75.568768, 6.261266], [-75.568725, 6.261345], [-75.568704, 6.261385], [-75.56829, 6.262164], [-75.56787, 6.262945], [-75.567833, 6.263011], [-75.567814, 6.263043], [-75.567795, 6.263075], [-75.567761, 6.263133], [-75.567738, 6.263171], [-75.567682, 6.263275], [-75.567587, 6.263462], [-75.567562, 6.263518], [-75.567542, 6.263578], [-75.567522, 6.263655], [-75.567507, 6.263737], [-75.567407, 6.264318], [-75.567393, 6.264391], [-75.567381, 6.264456], [-75.567375, 6.264488], [-75.567364, 6.264545], [-75.567347, 6.264637], [-75.567169, 6.265529], [-75.567001, 6.266373], [-75.566839, 6.267182], [-75.566814, 6.267307], [-75.566789, 6.267415], [-75.566728, 6.267675], [-75.566512, 6.26848], [-75.566312, 6.269254], [-75.566264, 6.269459], [-75.56626, 6.269476], [-75.56624, 6.26956], [-75.566225, 6.269625], [-75.566222, 6.269637], [-75.566213, 6.269678], [-75.566196, 6.269747], [-75.566186, 6.2698], [-75.566178, 6.269863], [-75.566167, 6.269956], [-75.566156, 6.270014], [-75.566143, 6.270091], [-75.566109, 6.270223], [-75.565719, 6.271711], [-75.565672, 6.271876], [-75.56561, 6.272069], [-75.565578, 6.272163], [-75.565506, 6.272258], [-75.565431, 6.272338], [-75.565345, 6.272419], [-75.565203, 6.272299], [-75.565073, 6.272186], [-75.565041, 6.272158], [-75.56502, 6.272143], [-75.564997, 6.272125], [-75.564969, 6.272129], [-75.564947, 6.272147], [-75.564923, 6.27219], [-75.564907, 6.272278], [-75.564882, 6.272271], [-75.564855, 6.272262], [-75.56483, 6.272254], [-75.564787, 6.27224], [-75.564735, 6.272222], [-75.564681, 6.272205], [-75.564659, 6.272198], [-75.564603, 6.272179], [-75.564475, 6.272137], [-75.564443, 6.272126], [-75.564293, 6.272075], [-75.564265, 6.272065], [-75.564323, 6.271951], [-75.564357, 6.271844], [-75.564413, 6.271575], [-75.564442, 6.271468], [-75.564511, 6.27118], [-75.564563, 6.270966], [-75.564602, 6.270798], [-75.56461, 6.270694]], "type": "LineString"}}, {"type": "Feature", "properties": {"day": "sun", "from": "BOT", "to": "A", "km": 26.6, "min": 34}, "geometry": {"coordinates": [[-75.56461, 6.270694], [-75.564602, 6.270798], [-75.564563, 6.270966], [-75.564511, 6.27118], [-75.564442, 6.271468], [-75.564413, 6.271575], [-75.564357, 6.271844], [-75.564323, 6.271951], [-75.564265, 6.272065], [-75.564293, 6.272075], [-75.564443, 6.272126], [-75.564475, 6.272137], [-75.564603, 6.272179], [-75.564659, 6.272198], [-75.564681, 6.272205], [-75.564735, 6.272222], [-75.564787, 6.27224], [-75.56483, 6.272254], [-75.564855, 6.272262], [-75.564882, 6.272271], [-75.564907, 6.272278], [-75.564891, 6.272388], [-75.564839, 6.2727], [-75.56482, 6.272734], [-75.56479, 6.272788], [-75.564735, 6.272821], [-75.564699, 6.272833], [-75.56468, 6.272837], [-75.564584, 6.272859], [-75.564408, 6.272876], [-75.564211, 6.272839], [-75.564119, 6.272821], [-75.563974, 6.27367], [-75.564066, 6.273686], [-75.564121, 6.273696], [-75.564464, 6.273756], [-75.564602, 6.273786], [-75.564697, 6.273763], [-75.564729, 6.273587], [-75.564768, 6.273374], [-75.564806, 6.273166], [-75.564879, 6.272949], [-75.564915, 6.272854], [-75.56497, 6.272777], [-75.565208, 6.272617], [-75.565305, 6.272554], [-75.565405, 6.272479], [-75.565487, 6.27241], [-75.565576, 6.272325], [-75.56566, 6.272217], [-75.565685, 6.272149], [-75.566019, 6.270951], [-75.566199, 6.27023], [-75.566217, 6.270164], [-75.566234, 6.270075], [-75.566243, 6.269985], [-75.566262, 6.269863], [-75.566277, 6.269776], [-75.56631, 6.269667], [-75.566314, 6.269655], [-75.566331, 6.26959], [-75.566354, 6.269507], [-75.566358, 6.269491], [-75.566362, 6.269478], [-75.566406, 6.269267], [-75.566606, 6.268542], [-75.566877, 6.267438], [-75.5669, 6.267326], [-75.566925, 6.2672], [-75.567398, 6.264843], [-75.567407, 6.264796], [-75.567422, 6.26474], [-75.567438, 6.264695], [-75.567455, 6.264659], [-75.567487, 6.264609], [-75.567535, 6.264537], [-75.567606, 6.264431], [-75.567622, 6.264395], [-75.56763, 6.264371], [-75.567634, 6.264354], [-75.56764, 6.264326], [-75.567721, 6.263841], [-75.567757, 6.263659], [-75.567768, 6.263612], [-75.567788, 6.26355], [-75.567806, 6.263507], [-75.567947, 6.263216], [-75.56797, 6.26317], [-75.568001, 6.263109], [-75.568017, 6.263078], [-75.568034, 6.263045], [-75.568066, 6.26298], [-75.568104, 6.262905], [-75.568897, 6.26138], [-75.568942, 6.261297], [-75.568975, 6.261234], [-75.569227, 6.260753], [-75.569449, 6.260323], [-75.569501, 6.260224], [-75.569542, 6.260143], [-75.569842, 6.25956], [-75.569917, 6.259425], [-75.569963, 6.259341], [-75.570037, 6.259223], [-75.570113, 6.259115], [-75.570197, 6.259005], [-75.570276, 6.258918], [-75.570348, 6.258846], [-75.570424, 6.258773], [-75.570519, 6.258687], [-75.57058, 6.258637], [-75.570639, 6.258591], [-75.570679, 6.258565], [-75.570723, 6.258544], [-75.570764, 6.258533], [-75.570803, 6.258529], [-75.57085, 6.258528], [-75.570893, 6.258542], [-75.570967, 6.258559], [-75.571056, 6.258569], [-75.571145, 6.258574], [-75.571227, 6.258576], [-75.571297, 6.25857], [-75.571348, 6.258559], [-75.571401, 6.258539], [-75.571441, 6.25852], [-75.57159, 6.258444], [-75.571701, 6.258359], [-75.571859, 6.258235], [-75.57194, 6.25817], [-75.572016, 6.258099], [-75.572075, 6.258035], [-75.572129, 6.257966], [-75.572178, 6.257894], [-75.572223, 6.257818], [-75.572274, 6.257643], [-75.572362, 6.257392], [-75.5724, 6.257293], [-75.572457, 6.257159], [-75.572502, 6.257071], [-75.572553, 6.256981], [-75.572612, 6.2569], [-75.572669, 6.256832], [-75.5728, 6.256695], [-75.573108, 6.256374], [-75.573652, 6.255806], [-75.573705, 6.255751], [-75.57394, 6.255505], [-75.574003, 6.255437], [-75.574156, 6.25526], [-75.574229, 6.25518], [-75.574295, 6.255114], [-75.574505, 6.254905], [-75.574648, 6.254733], [-75.574701, 6.254662], [-75.574754, 6.254583], [-75.574815, 6.254481], [-75.574854, 6.254387], [-75.574897, 6.254274], [-75.574919, 6.254191], [-75.574934, 6.254097], [-75.574942, 6.254004], [-75.575006, 6.252903], [-75.575049, 6.252314], [-75.57506, 6.252221], [-75.575116, 6.251891], [-75.575158, 6.251392], [-75.575192, 6.250762], [-75.57521, 6.250288], [-75.575214, 6.250164], [-75.575225, 6.249882], [-75.575234, 6.249436], [-75.57524, 6.249186], [-75.575244, 6.248985], [-75.575204, 6.248407], [-75.575352, 6.244641], [-75.575459, 6.244074], [-75.575494, 6.243089], [-75.575496, 6.243033], [-75.575533, 6.242665], [-75.575538, 6.242311], [-75.575562, 6.240504], [-75.575565, 6.240382], [-75.575567, 6.240331], [-75.57557, 6.240289], [-75.575584, 6.240226], [-75.575605, 6.240164], [-75.575643, 6.240085], [-75.575678, 6.240037], [-75.575733, 6.239974], [-75.57579, 6.239913], [-75.575837, 6.239888], [-75.575872, 6.239863], [-75.575906, 6.239833], [-75.575934, 6.239803], [-75.575962, 6.239765], [-75.575995, 6.239701], [-75.576019, 6.239616], [-75.576024, 6.239567], [-75.576024, 6.239531], [-75.576021, 6.239496], [-75.576014, 6.23946], [-75.575964, 6.23934], [-75.575836, 6.239114], [-75.575768, 6.239011], [-75.575731, 6.238982], [-75.575686, 6.238955], [-75.575625, 6.238929], [-75.575558, 6.238914], [-75.575499, 6.23891], [-75.57542, 6.238918], [-75.575347, 6.23894], [-75.575309, 6.238959], [-75.575263, 6.23899], [-75.575197, 6.239016], [-75.575128, 6.239037], [-75.575058, 6.239051], [-75.575, 6.239058], [-75.574941, 6.23906], [-75.574883, 6.239058], [-75.574791, 6.239045], [-75.574523, 6.238935], [-75.57388, 6.23865], [-75.573785, 6.238608], [-75.573701, 6.238572], [-75.573642, 6.238547], [-75.573548, 6.238507], [-75.573348, 6.238424], [-75.573265, 6.23839], [-75.573114, 6.238324], [-75.573043, 6.238295], [-75.572534, 6.23808], [-75.572482, 6.238058], [-75.572395, 6.238022], [-75.571828, 6.237786], [-75.571739, 6.237749], [-75.571659, 6.237716], [-75.571353, 6.237588], [-75.571007, 6.237444], [-75.570892, 6.237395], [-75.570845, 6.237375], [-75.570671, 6.2373], [-75.570592, 6.237277], [-75.570494, 6.23725], [-75.570414, 6.237234], [-75.570256, 6.237207], [-75.5702, 6.237199], [-75.570161, 6.237191], [-75.570099, 6.237172], [-75.57002, 6.237145], [-75.569923, 6.237107], [-75.569853, 6.237069], [-75.569832, 6.237056], [-75.569686, 6.236981], [-75.569393, 6.236825], [-75.569309, 6.23678], [-75.568915, 6.236576], [-75.568848, 6.236534], [-75.568789, 6.236487], [-75.568734, 6.236442], [-75.568684, 6.236389], [-75.568629, 6.236316], [-75.568565, 6.236206], [-75.568509, 6.236074], [-75.568439, 6.23588], [-75.568383, 6.235719], [-75.568366, 6.235672], [-75.568302, 6.235474], [-75.568235, 6.235269], [-75.568066, 6.23477], [-75.567889, 6.234349], [-75.567754, 6.234046], [-75.567663, 6.233903], [-75.567586, 6.233797], [-75.567471, 6.233648], [-75.567431, 6.233607], [-75.567379, 6.233558], [-75.567175, 6.233323], [-75.567124, 6.233273], [-75.566952, 6.233104], [-75.566788, 6.232916], [-75.566696, 6.232781], [-75.566166, 6.231833], [-75.566105, 6.231708], [-75.566057, 6.231564], [-75.56604, 6.23145], [-75.566022, 6.231327], [-75.566014, 6.231191], [-75.566011, 6.231149], [-75.566011, 6.231074], [-75.566017, 6.230996], [-75.566017, 6.230852], [-75.56602, 6.230731], [-75.566056, 6.230582], [-75.566163, 6.2304], [-75.566308, 6.230209], [-75.56637, 6.23012], [-75.566433, 6.230023], [-75.566494, 6.229894], [-75.566516, 6.229833], [-75.566538, 6.229759], [-75.566561, 6.229625], [-75.566595, 6.22933], [-75.566671, 6.228782], [-75.566686, 6.228638], [-75.566688, 6.228522], [-75.566677, 6.228429], [-75.566662, 6.228356], [-75.566624, 6.228256], [-75.566599, 6.22821], [-75.566555, 6.228135], [-75.566508, 6.228078], [-75.566459, 6.228031], [-75.566396, 6.227972], [-75.566248, 6.227853], [-75.566104, 6.227745], [-75.565907, 6.227583], [-75.565805, 6.227503], [-75.565699, 6.227405], [-75.56552, 6.227207], [-75.565445, 6.227113], [-75.565274, 6.226898], [-75.565159, 6.226729], [-75.565096, 6.226636], [-75.565014, 6.226497], [-75.564803, 6.226454], [-75.564726, 6.226441], [-75.564708, 6.226438], [-75.564514, 6.226405], [-75.564375, 6.226384], [-75.564288, 6.22639], [-75.564232, 6.226417], [-75.564187, 6.226452], [-75.56414, 6.226519], [-75.564129, 6.226551], [-75.564035, 6.22683], [-75.564008, 6.226942], [-75.563992, 6.227069], [-75.563988, 6.227155], [-75.563989, 6.227266], [-75.563996, 6.227341], [-75.564032, 6.227417], [-75.564088, 6.227484], [-75.564171, 6.227536], [-75.564596, 6.227668], [-75.564674, 6.227706], [-75.56474, 6.227738], [-75.564794, 6.227777], [-75.56485, 6.227826], [-75.564956, 6.227934], [-75.564997, 6.228049], [-75.565012, 6.228196], [-75.564993, 6.228359], [-75.564964, 6.22843], [-75.564904, 6.228592], [-75.564843, 6.228684], [-75.564806, 6.228737], [-75.564742, 6.228782], [-75.564589, 6.228895], [-75.564194, 6.229141], [-75.564073, 6.229209], [-75.563954, 6.22927], [-75.563879, 6.229303], [-75.563729, 6.229364], [-75.563588, 6.229388], [-75.563456, 6.229393], [-75.563398, 6.229386], [-75.563343, 6.229373], [-75.563316, 6.22935], [-75.563294, 6.229306], [-75.563275, 6.229249], [-75.563268, 6.22915], [-75.563278, 6.229091], [-75.563313, 6.229019], [-75.56332, 6.228952], [-75.563306, 6.228853], [-75.563249, 6.228738], [-75.56312, 6.228464], [-75.562964, 6.22819], [-75.562831, 6.22803], [-75.562738, 6.227919], [-75.562525, 6.227734], [-75.562418, 6.227643], [-75.562325, 6.227564], [-75.562241, 6.22748], [-75.562202, 6.227411], [-75.562197, 6.227319], [-75.562229, 6.227183], [-75.562231, 6.227113], [-75.562206, 6.227044], [-75.562077, 6.226906], [-75.56187, 6.226733], [-75.561805, 6.226679], [-75.561524, 6.22643], [-75.561324, 6.226248], [-75.561264, 6.226205], [-75.561238, 6.226173], [-75.561176, 6.226098], [-75.561075, 6.225749], [-75.561056, 6.225298], [-75.561051, 6.22527], [-75.561039, 6.225156], [-75.561022, 6.225082], [-75.560985, 6.225006], [-75.560944, 6.224958], [-75.560859, 6.224892], [-75.560751, 6.224838], [-75.560682, 6.224814], [-75.560579, 6.224803], [-75.560425, 6.224809], [-75.56034, 6.224824], [-75.56028, 6.224844], [-75.560238, 6.224869], [-75.5602, 6.224921], [-75.560184, 6.224962], [-75.560141, 6.225178], [-75.560056, 6.225461], [-75.560033, 6.225548], [-75.56001, 6.225633], [-75.559974, 6.225788], [-75.559918, 6.226137], [-75.559828, 6.227043], [-75.559814, 6.227084], [-75.559788, 6.227111], [-75.559552, 6.226903], [-75.55935, 6.226726], [-75.559281, 6.226658], [-75.559253, 6.226595], [-75.559245, 6.226513], [-75.559241, 6.226413], [-75.559286, 6.226222], [-75.559331, 6.225942], [-75.559335, 6.225826], [-75.559309, 6.225524], [-75.559273, 6.224833], [-75.55925, 6.224534], [-75.559304, 6.22426], [-75.559497, 6.223494], [-75.559607, 6.22313], [-75.559635, 6.223068], [-75.559681, 6.223021], [-75.559767, 6.22299], [-75.559849, 6.222999], [-75.559961, 6.223039], [-75.56006, 6.223091], [-75.560216, 6.223174], [-75.560267, 6.223189], [-75.560326, 6.223189], [-75.560403, 6.223172], [-75.560487, 6.223109], [-75.560549, 6.223038], [-75.560661, 6.222878], [-75.56072, 6.222779], [-75.560752, 6.222649], [-75.560757, 6.222599], [-75.560753, 6.222547], [-75.560722, 6.222475], [-75.560689, 6.222413], [-75.560619, 6.22229], [-75.560537, 6.222127], [-75.560438, 6.221993], [-75.560328, 6.221887], [-75.560199, 6.221791], [-75.560088, 6.221638], [-75.560036, 6.221582], [-75.559687, 6.2213], [-75.55959, 6.221206], [-75.559398, 6.220998], [-75.559345, 6.220927], [-75.559195, 6.220842], [-75.55879, 6.220527], [-75.558359, 6.220189], [-75.558112, 6.220051], [-75.557989, 6.220011], [-75.557875, 6.219996], [-75.557764, 6.219989], [-75.557638, 6.22], [-75.557546, 6.220032], [-75.557442, 6.220085], [-75.557337, 6.220171], [-75.557264, 6.220279], [-75.556609, 6.220901], [-75.552077, 6.225219], [-75.551851, 6.225373], [-75.551615, 6.22551], [-75.551267, 6.225605], [-75.551043, 6.225639], [-75.550756, 6.225669], [-75.550343, 6.225642], [-75.55015, 6.225621], [-75.548893, 6.22553], [-75.548544, 6.225472], [-75.54819, 6.225348], [-75.547905, 6.225182], [-75.544744, 6.223034], [-75.544622, 6.222965], [-75.544499, 6.222887], [-75.544351, 6.222824], [-75.544204, 6.222759], [-75.544012, 6.222699], [-75.543785, 6.222656], [-75.54362, 6.222631], [-75.543436, 6.222629], [-75.543102, 6.222623], [-75.542819, 6.222667], [-75.542592, 6.222727], [-75.54239, 6.222787], [-75.541885, 6.222952], [-75.541568, 6.223037], [-75.541331, 6.223053], [-75.541186, 6.22306], [-75.541009, 6.223046], [-75.540725, 6.222984], [-75.540447, 6.222905], [-75.540022, 6.222757], [-75.539667, 6.222663], [-75.539305, 6.222587], [-75.538952, 6.222549], [-75.538662, 6.222567], [-75.538466, 6.222601], [-75.538316, 6.222636], [-75.53807, 6.222713], [-75.537379, 6.223001], [-75.537107, 6.223097], [-75.536842, 6.223157], [-75.536575, 6.223194], [-75.536254, 6.22321], [-75.535351, 6.223212], [-75.534851, 6.223207], [-75.534819, 6.223206], [-75.534545, 6.223138], [-75.534448, 6.223127], [-75.534213, 6.223103], [-75.533861, 6.223084], [-75.533529, 6.223073], [-75.533286, 6.223109], [-75.533195, 6.223111], [-75.533054, 6.223122], [-75.532899, 6.223148], [-75.532841, 6.223149], [-75.532198, 6.223122], [-75.53191, 6.223124], [-75.531605, 6.223162], [-75.531153, 6.223286], [-75.530251, 6.223642], [-75.529808, 6.223786], [-75.529312, 6.223897], [-75.528688, 6.223988], [-75.528128, 6.22406], [-75.527873, 6.224093], [-75.527542, 6.224148], [-75.52707, 6.224204], [-75.52611, 6.224332], [-75.52573, 6.224357], [-75.525442, 6.224354], [-75.525143, 6.2243], [-75.524864, 6.224213], [-75.524538, 6.22413], [-75.524156, 6.224004], [-75.523918, 6.223944], [-75.52359, 6.223901], [-75.523292, 6.223897], [-75.523028, 6.22393], [-75.522654, 6.224057], [-75.522321, 6.224238], [-75.521976, 6.224536], [-75.521326, 6.225346], [-75.521023, 6.225632], [-75.520726, 6.225833], [-75.520396, 6.22598], [-75.520064, 6.226072], [-75.519766, 6.226109], [-75.51938, 6.226078], [-75.518488, 6.225857], [-75.517211, 6.225467], [-75.515831, 6.22508], [-75.514712, 6.224754], [-75.514616, 6.224719], [-75.514503, 6.224697], [-75.514459, 6.224686], [-75.514303, 6.22464], [-75.513184, 6.224316], [-75.512646, 6.224173], [-75.512242, 6.224064], [-75.511954, 6.223974], [-75.5116, 6.223846], [-75.511266, 6.223708], [-75.510825, 6.223508], [-75.510553, 6.223372], [-75.510244, 6.223202], [-75.50989, 6.222997], [-75.509324, 6.222644], [-75.509, 6.2224], [-75.508748, 6.222204], [-75.505602, 6.219537], [-75.503827, 6.218011], [-75.500988, 6.215694], [-75.496782, 6.212262], [-75.491121, 6.207514], [-75.464069, 6.184609], [-75.463257, 6.183973], [-75.462524, 6.183478], [-75.46199, 6.183132], [-75.461421, 6.182812], [-75.460847, 6.182484], [-75.460281, 6.182177], [-75.45823, 6.181206], [-75.456537, 6.180638], [-75.454746, 6.180161], [-75.45387, 6.17995], [-75.453487, 6.179774], [-75.453422, 6.179739], [-75.453317, 6.179669], [-75.453161, 6.179508], [-75.453092, 6.179424], [-75.452986, 6.17925], [-75.452859, 6.178962], [-75.452753, 6.178722], [-75.452646, 6.178425], [-75.452602, 6.178318], [-75.452533, 6.178197], [-75.452467, 6.178082], [-75.452358, 6.177949], [-75.452274, 6.177876], [-75.452164, 6.177802], [-75.452065, 6.177728], [-75.451972, 6.177668], [-75.451844, 6.177607], [-75.451588, 6.177542], [-75.451437, 6.177516], [-75.451216, 6.177492], [-75.451107, 6.177483], [-75.451023, 6.177477], [-75.450872, 6.177465], [-75.450473, 6.177461], [-75.449616, 6.177434], [-75.449174, 6.17742], [-75.448728, 6.177396], [-75.44853, 6.17739], [-75.448316, 6.177393], [-75.448099, 6.177403], [-75.447876, 6.177426], [-75.447648, 6.177464], [-75.447359, 6.177528], [-75.447132, 6.177587], [-75.446874, 6.17765], [-75.446634, 6.177714], [-75.446417, 6.177778], [-75.446096, 6.17787], [-75.445784, 6.177979], [-75.445409, 6.178155], [-75.445189, 6.178265], [-75.444879, 6.178425], [-75.444795, 6.178468], [-75.444702, 6.178516], [-75.444608, 6.178562], [-75.444321, 6.178701], [-75.444288, 6.178713], [-75.44422, 6.178738], [-75.444117, 6.178773], [-75.444022, 6.178799], [-75.443929, 6.178817], [-75.443815, 6.178833], [-75.443714, 6.178845], [-75.443611, 6.178855], [-75.443492, 6.178867], [-75.4429, 6.178927], [-75.442846, 6.178932], [-75.442462, 6.178965], [-75.442347, 6.178965], [-75.442252, 6.178964], [-75.442147, 6.178953], [-75.442045, 6.178944], [-75.441951, 6.178924], [-75.441866, 6.178906], [-75.441754, 6.178878], [-75.441688, 6.178859], [-75.441645, 6.178847], [-75.441569, 6.178822], [-75.441426, 6.178776], [-75.441285, 6.178731], [-75.44122, 6.17871], [-75.441145, 6.178685], [-75.440832, 6.178581], [-75.440623, 6.178511], [-75.440167, 6.17836], [-75.440131, 6.178347], [-75.439967, 6.17829], [-75.439865, 6.178255], [-75.439658, 6.178183], [-75.43928, 6.178028], [-75.439037, 6.177936], [-75.438813, 6.177851], [-75.43849, 6.177736], [-75.438173, 6.177619], [-75.438096, 6.177587], [-75.438039, 6.177564], [-75.437932, 6.17752], [-75.437791, 6.177453], [-75.437674, 6.177382], [-75.437545, 6.177304], [-75.437394, 6.177201], [-75.43704, 6.176904], [-75.436311, 6.176226], [-75.43618, 6.176107], [-75.435929, 6.175878], [-75.435855, 6.175811], [-75.435514, 6.1755], [-75.434866, 6.174883], [-75.434369, 6.174359], [-75.433721, 6.173781], [-75.433411, 6.173484], [-75.433076, 6.173173], [-75.432868, 6.172982], [-75.432667, 6.172855], [-75.432598, 6.172796], [-75.432529, 6.172719], [-75.432484, 6.172637], [-75.432469, 6.172608], [-75.432426, 6.172514], [-75.432358, 6.172335], [-75.432263, 6.171993], [-75.432178, 6.171777], [-75.432109, 6.171661], [-75.432066, 6.171584], [-75.432015, 6.171516], [-75.431946, 6.171439], [-75.431869, 6.171379], [-75.4318, 6.171336], [-75.43174, 6.171302], [-75.431645, 6.171268], [-75.431582, 6.171249], [-75.431497, 6.171236], [-75.431425, 6.171232], [-75.43098, 6.171233], [-75.430948, 6.171233], [-75.430822, 6.171236], [-75.430601, 6.171237], [-75.43051, 6.171237], [-75.430407, 6.171238], [-75.430396, 6.171238], [-75.430367, 6.171238], [-75.43027, 6.171239], [-75.42947, 6.171244], [-75.429417, 6.171245], [-75.429261, 6.171246], [-75.429076, 6.171248], [-75.429052, 6.171186], [-75.429019, 6.171128], [-75.428978, 6.171076], [-75.42893, 6.17103], [-75.428835, 6.171152], [-75.428779, 6.171118], [-75.428717, 6.171097], [-75.428652, 6.171084], [-75.428603, 6.171089], [-75.428559, 6.171101], [-75.428512, 6.171119], [-75.428466, 6.171144], [-75.428439, 6.171188], [-75.428408, 6.171229], [-75.428386, 6.171275], [-75.428368, 6.171318]], "type": "LineString"}}]}